age,bmi,blood_pressure,glucose,tumor_size,cell_texture,cell_radius,family_risk,smoking,biomarker_a,biomarker_b,biomarker_c,cancer_risk
45.2162,37.3891,148.3035,131.5052,6.1353,6.6143,29.7359,0.4795,0.5788,2.8336,1.1575,0.6564,1
73.4050,35.7435,105.6294,203.0888,2.1172,8.3989,28.1757,0.9891,0.6108,1.1654,0.3584,1.1608,1
65.5328,37.2369,162.7057,87.7216,5.5652,3.0720,25.2345,0.3099,0.6234,0.1127,2.5581,1.8661,1
29.2500,41.1064,107.4608,142.9508,7.1871,9.2684,25.1351,0.5308,0.1929,2.1266,1.5179,1.5956,1
70.0873,21.0542,99.0621,157.5736,6.8663,3.0796,12.2927,0.3477,0.9909,3.0004,2.9417,2.4999,1
41.1117,27.9055,120.0732,152.6128,3.5989,9.6174,30.4099,0.3846,0.2465,4.0353,0.4543,0.0702,1
38.5401,33.5355,116.9114,133.4228,1.7957,11.2407,19.5657,0.3947,0.2997,3.1694,0.4017,2.9687,1
40.0376,27.7364,106.9369,178.6456,7.6021,3.6523,32.1499,0.6236,0.8002,1.5977,1.3141,0.8461,1
44.9089,31.9290,105.9018,127.9527,2.1898,2.4193,31.1349,0.4037,0.0813,2.2846,1.2898,1.0590,0
49.1001,40.4826,114.6286,97.4662,1.4617,7.5651,16.4128,0.0597,0.0214,1.8554,2.7608,2.1934,0
54.5820,33.8616,151.7134,175.3687,1.7551,10.0455,29.6709,0.2033,0.1138,1.9506,0.1090,1.6079,1
78.3964,22.1293,100.9886,213.9933,7.9797,10.2075,26.2852,0.5187,0.6499,2.3147,0.1243,0.3500,1
47.6020,18.3712,163.5368,110.8240,2.6172,2.0728,22.9716,0.3840,0.4532,2.2171,0.3985,2.3423,0
37.6179,20.1276,134.9457,119.8356,1.7555,11.2981,9.6432,0.1313,0.5961,3.2133,1.8953,1.2330,0
67.2576,29.6389,158.6819,91.3680,1.5285,6.2225,32.3833,0.4044,0.8792,4.0768,0.9098,1.6309,1
80.9940,36.8321,143.4108,92.6413,3.5801,5.3407,19.7174,0.9220,0.1298,0.8620,0.1315,2.3064,1
86.2497,29.8725,120.7530,76.8152,6.4742,8.1705,25.1860,0.8051,0.7369,2.2958,1.2121,2.8546,1
64.8440,23.2205,121.6250,97.8663,7.0242,9.1462,18.9898,0.9605,0.3821,1.1842,2.9861,1.4344,1
31.7609,37.2837,112.7271,207.2730,6.2653,1.5695,31.3219,0.6444,0.7790,0.1730,2.1722,2.6951,1
72.7964,17.9336,98.3238,151.1915,5.7784,4.2428,28.2250,0.5892,0.1828,0.9801,1.3198,1.7274,1
45.4592,20.3117,130.2806,196.6242,3.8459,7.4069,20.3893,0.7297,0.6563,1.9298,0.2056,1.9791,1
76.8913,33.6794,150.8689,197.4946,5.3060,8.7582,14.7901,0.5651,0.5333,3.0894,1.3077,2.8404,1
73.3604,38.9513,139.5107,96.7303,3.8532,2.0667,23.5699,0.5918,0.4436,1.4813,2.0070,0.3794,1
75.7482,18.4141,164.1722,207.8498,1.9456,5.2201,29.3684,0.0604,0.2819,2.6545,1.6049,0.2347,1
30.3255,22.5187,151.7128,177.9876,7.7163,4.4481,21.1474,0.6067,0.5145,3.3352,1.8104,3.1335,1
57.0127,31.1537,123.5493,217.2903,1.6002,1.8700,14.9017,0.3150,0.9349,0.6186,2.6753,1.7458,1
68.5909,40.5516,108.9634,168.0379,7.6099,11.5269,18.7553,0.8584,0.9896,3.4076,1.9354,2.1536,1
82.2869,37.3694,145.9473,196.3472,7.0126,6.0401,9.2339,0.4471,0.3422,0.3190,1.5047,0.9607,1
76.4683,25.5098,119.7115,121.0926,4.2732,8.0931,16.5736,0.7421,0.8376,0.7230,1.9735,2.7529,1
34.9467,29.3061,136.7353,100.4019,1.9289,4.1200,15.6994,0.5492,0.9516,2.0391,1.6196,0.5472,0
87.7735,21.7818,162.9394,171.8501,4.5700,12.6120,15.5014,0.1258,0.8801,2.7976,0.8350,0.4730,1
56.8772,27.2632,103.3009,136.2797,2.7442,9.5945,23.6367,0.0046,0.9717,2.0160,2.9795,1.3270,1
30.5115,40.4390,146.1407,171.1643,3.4995,7.1765,17.6343,0.3817,0.1570,0.6841,0.6773,1.6801,0
52.6807,19.8887,141.8752,144.6584,6.1174,7.9394,31.3773,0.8759,0.6047,2.5328,1.6019,0.4702,1
55.3002,25.8227,130.3121,194.2395,3.7102,3.0238,17.4806,0.6602,0.9175,3.5362,2.6721,1.3944,1
66.3072,40.5067,119.4182,126.8862,7.7134,8.1113,13.7632,0.5903,0.8692,1.9920,2.3193,2.3537,1
76.8393,27.1362,150.5882,118.4111,5.0494,7.6852,28.7841,0.5368,0.6513,1.3260,0.1624,1.2573,1
81.7497,17.5864,144.8453,213.5825,7.0641,1.1392,24.1984,0.2154,0.9425,2.6261,2.7068,0.0872,1
30.6558,24.7674,130.0809,130.7318,4.7424,7.1777,31.9639,0.0807,0.6357,1.8474,0.1258,2.0802,1
79.5207,31.0393,147.6632,208.1824,1.0431,7.3715,28.3026,0.5900,0.2049,0.7546,0.6001,1.6631,1
39.2814,24.6367,164.1092,113.3558,3.2271,3.1392,26.9491,0.7276,0.4154,2.5079,2.2359,2.4946,1
46.0506,20.7591,137.3002,71.1597,6.9458,6.6612,26.6702,0.3329,0.5827,4.0033,0.0928,1.6297,1
33.7675,27.5662,128.3843,76.3871,2.2538,12.6079,24.2116,0.5202,0.9246,2.9464,2.5514,0.1030,1
41.5376,34.7782,110.5761,74.1432,8.3149,7.3676,24.0987,0.1213,0.7360,1.0696,0.2815,1.4905,1
79.7154,37.0004,100.5914,155.7499,6.8807,4.4229,28.2121,0.6701,0.2426,4.0210,0.3570,0.4881,1
80.5253,18.1524,128.8552,86.0344,2.2902,8.5476,14.8271,0.9753,0.2097,2.9942,0.5194,1.3262,0
51.4653,32.5312,114.1741,188.3051,2.7520,9.7612,10.7403,0.1322,0.6169,0.5172,0.9963,1.7368,0
57.1521,19.0248,119.9010,203.7678,2.7913,8.7179,11.9013,0.2154,0.0293,3.9919,2.8649,2.1274,0
80.7310,33.4424,143.8842,179.5727,5.7550,8.5021,16.0163,0.8674,0.1152,1.7717,0.5136,1.0569,1
55.7183,28.8600,139.8092,115.1758,2.1577,6.8557,29.0893,0.8623,0.8887,3.9496,0.0900,0.3153,1
28.7499,37.3176,155.1249,134.5715,2.4325,4.1669,30.9681,0.9038,0.8356,3.0487,0.6345,0.4605,1
28.5602,21.4570,154.4459,95.8443,8.4958,11.3869,27.3313,0.1186,0.6445,1.1263,0.5920,2.4337,1
54.5523,27.4073,103.8962,103.0541,4.9594,7.1973,11.3214,0.4769,0.7473,1.4740,2.0166,2.7278,0
40.4541,39.1968,140.3153,208.5097,1.4151,1.5024,32.0251,0.5399,0.4768,3.2564,3.0463,0.5780,1
38.7218,25.7683,127.3021,164.1391,7.6094,11.2516,20.9408,0.2940,0.6314,2.8715,1.8481,2.6718,1
83.2961,20.8638,163.4840,144.5237,2.5243,4.4627,24.6513,0.0453,0.7901,0.9111,2.7374,0.7743,1
68.8272,26.7088,103.2284,127.6448,1.3713,12.3778,28.4801,0.0681,0.5129,3.6983,1.0168,2.5819,1
81.8259,37.5104,160.6688,92.2928,6.9625,11.7021,27.9390,0.8092,0.3412,1.6068,3.0340,1.4848,1
67.1037,26.1160,135.7926,128.7332,2.9498,9.0269,26.6934,0.8227,0.5064,2.2553,0.8430,0.5275,1
58.6741,31.5910,134.5729,84.3352,0.7579,3.0991,16.4004,0.5545,0.4210,2.0117,1.0669,0.5150,0
56.2903,41.9762,121.4812,159.4762,4.7070,11.8636,13.2115,0.7323,0.1228,1.4024,2.7162,2.0859,1
35.8599,37.1345,124.2051,71.2595,5.9098,6.6415,28.1069,0.1773,0.5990,0.6072,2.6405,0.1651,1
74.3151,27.6768,151.5400,195.5872,2.4045,7.7196,32.4607,0.7743,0.9771,2.7804,0.2633,0.5271,1
85.8479,22.9867,139.8589,138.4352,1.1811,9.1632,9.5163,0.6167,0.9063,1.6062,0.7428,2.6203,1
80.6913,37.8531,129.7449,98.6467,5.6033,9.8249,10.2544,0.1535,0.0694,2.4538,1.3496,1.7224,0
30.2323,38.1743,119.0244,155.8010,8.4221,5.0633,28.4255,0.0130,0.5589,0.3859,1.8534,0.8646,1
77.1235,22.2553,120.2968,171.6634,0.7769,11.1253,8.5867,0.0481,0.2707,1.7937,0.9570,0.4616,0
61.3543,36.1751,105.8018,161.6953,2.4141,7.1461,19.3575,0.6220,0.6017,2.8662,0.0762,0.5792,1
68.9535,33.7806,161.6278,112.8035,3.8436,3.6752,28.9071,0.6346,0.7424,2.4054,2.6852,1.5218,1
41.8136,40.2019,130.9310,88.6322,4.5305,1.9188,27.4949,0.0751,0.4662,2.5125,0.2507,0.1452,0
32.9245,37.3367,104.3862,109.0851,7.4564,9.4851,16.0332,0.4138,0.7918,2.2898,2.1950,2.6858,1
25.8909,24.8522,116.7031,180.3173,2.1983,6.1690,24.1347,0.7534,0.2530,0.2241,1.9437,2.6428,0
74.9385,32.9279,101.1444,175.6224,8.5347,6.1639,23.7620,0.9762,0.4216,2.2322,0.9386,0.8543,1
75.0051,37.4277,111.5917,107.3071,0.7360,11.1899,13.5045,0.5153,0.6652,3.2834,0.9700,2.4318,1
76.8132,23.8413,99.1141,71.6217,4.6366,6.9293,30.1306,0.3642,0.9373,0.2425,1.4550,0.5860,1
87.7612,18.1570,139.1691,73.5119,4.2129,2.6186,28.1843,0.4913,0.4099,3.2717,1.1448,0.2058,1
30.8323,19.5026,155.1135,137.9789,1.4464,7.1743,11.2467,0.4826,0.5384,1.5838,1.3300,2.9882,0
84.0868,36.1387,101.9016,109.1272,6.6926,2.6230,29.3759,0.9240,0.0032,3.9675,2.8964,2.2498,1
34.9269,35.0777,117.7845,108.5002,1.6929,9.3283,15.6624,0.9092,0.1293,2.0768,0.1349,2.2657,1
57.2152,40.2246,112.3664,152.5372,1.7541,9.3655,18.8625,0.6720,0.8435,0.2059,0.8088,1.5912,1
32.9996,19.0025,154.4602,144.7501,5.6150,5.2463,17.5903,0.3173,0.4559,3.7236,2.0695,1.5231,1
57.2986,23.2779,157.9465,140.6028,1.8760,12.4313,25.1150,0.6886,0.8964,2.9156,1.8197,2.4774,1
40.1717,21.8475,126.7644,110.8892,2.2378,3.7801,23.6671,0.6880,0.0471,1.2044,0.4698,1.2092,0
61.8666,27.0172,159.6204,204.5481,7.0762,4.4961,17.0930,0.4961,0.5548,0.4606,0.4636,1.3307,1
44.8218,16.2943,119.5142,146.4756,7.9283,11.4450,25.9416,0.6280,0.6732,3.2682,1.5608,1.4899,1
40.9216,34.2217,129.0808,205.2651,3.3859,9.6241,20.8550,0.5754,0.8270,1.8186,1.2480,1.7297,1
37.8553,30.6571,161.8741,110.9711,3.5190,6.5978,15.4985,0.3547,0.8743,3.3192,1.7026,2.5349,1
34.9975,34.3133,142.4124,121.6250,1.7523,4.9776,29.3003,0.7029,0.6392,0.3698,0.2412,2.7017,1
50.4006,37.4624,106.9771,115.4998,0.5598,8.5149,25.8231,0.2445,0.2755,2.2408,0.6348,1.9488,0
66.8483,41.8681,124.0412,148.9121,5.4388,7.0977,19.1629,0.0698,0.2598,1.2694,0.6782,2.9321,1
66.6283,27.1473,136.9083,166.4596,4.3735,8.5187,25.5849,0.6583,0.0433,2.1762,0.2773,0.1440,1
88.5009,23.4610,115.0275,157.1305,3.2131,8.5637,13.9659,0.9280,0.5464,2.2801,2.0581,0.8867,1
63.4092,35.9704,147.2956,154.5252,0.9151,3.5729,9.2994,0.5403,0.9645,4.0018,0.6348,2.2328,1
31.8783,32.0669,116.2549,139.7705,2.2147,3.4222,20.1195,0.9499,0.7109,3.6475,2.7009,3.0961,1
78.9334,40.9076,113.6715,104.5508,0.9778,4.3665,25.0093,0.6828,0.8567,2.3330,0.7276,2.7439,1
56.4770,33.2300,129.7355,125.1437,8.5954,9.4020,25.0043,0.0225,0.3089,1.7044,2.6798,1.5059,1
52.1293,32.7219,109.5006,152.8692,8.1151,7.0596,22.0597,0.7231,0.1496,1.9259,1.8604,0.6102,1
39.4263,38.8495,112.8251,106.4604,6.2363,4.9283,22.9812,0.0387,0.4117,3.3237,0.0727,0.0674,0
73.9500,29.9462,98.6818,195.8553,5.1562,8.7143,17.3368,0.7482,0.6831,0.3451,2.3979,0.4727,1
39.5575,40.4642,167.7578,188.7546,3.2663,8.1613,13.9256,0.8630,0.7394,3.7005,2.6979,2.4691,1
73.9557,34.8851,144.1763,154.0793,4.2007,4.2203,30.3729,0.7805,0.4527,0.7023,0.1804,2.8750,1
75.8154,23.9117,128.8299,147.1207,6.0358,8.6036,10.8853,0.2976,0.8710,2.7067,1.8559,2.8220,1
38.3801,33.3862,129.3731,75.6713,5.0680,9.9248,30.1853,0.5380,0.0411,2.3454,0.2607,0.3906,0
39.7877,31.7319,136.2622,121.9611,4.6995,8.2989,11.6742,0.4967,0.3427,0.4472,1.7708,2.4529,0
50.3727,31.6619,140.3499,209.4777,5.9218,2.6514,16.8906,0.6978,0.2575,0.5545,1.8465,0.3056,1
48.1083,34.5134,119.9596,153.4579,6.3150,3.8694,14.8417,0.7083,0.4733,3.6400,0.4144,1.2478,1
55.2868,41.0102,115.8902,164.5961,3.8747,5.7206,18.3418,0.0845,0.1397,3.0689,1.1785,2.2275,1
42.1356,40.6161,121.9228,170.6817,3.0516,11.6716,18.3862,0.1303,0.9211,2.5658,1.5637,0.5770,1
35.3753,20.1354,152.3378,133.2669,5.9394,4.6705,17.3530,0.8132,0.7966,1.7882,0.9344,1.5483,1
30.3127,30.6746,153.7739,163.7166,3.7637,12.2861,28.8930,0.2001,0.0836,0.9180,2.5652,0.4834,1
67.1245,28.1527,102.8421,144.0045,7.3052,9.3342,25.6846,0.9628,0.3655,2.3034,2.1797,1.8355,1
25.5276,24.5021,100.8883,169.2722,3.5987,10.8479,23.2554,0.9683,0.2889,0.4334,0.5862,1.9263,1
50.5427,41.6435,157.3116,214.2279,6.7097,6.2369,27.6338,0.4068,0.4763,1.9231,0.3805,1.1550,1
47.3846,27.0683,115.0261,99.1852,7.3689,11.9126,26.7242,0.5785,0.7928,2.6150,2.0463,3.0491,1
55.7426,24.5586,127.1263,74.1189,1.4648,5.7117,29.4093,0.4364,0.3275,3.0747,0.6559,2.1670,0
59.8040,16.7989,109.0948,177.8968,1.4362,7.5980,15.6085,0.0182,0.8576,2.4503,1.9073,1.8874,0
79.2205,31.0452,107.7606,111.2119,1.2970,5.6938,29.2428,0.5755,0.9544,0.6406,1.6738,1.9435,1
63.4566,26.6707,125.8828,207.5621,8.3246,3.8426,25.6510,0.5984,0.7015,3.2904,0.7069,0.1850,1
88.4148,27.1589,156.5387,202.1559,2.2390,4.7395,20.5030,0.0180,0.8745,1.2210,2.3505,2.5913,1
73.5523,23.6312,149.6564,202.4751,4.4493,7.2035,11.6447,0.3908,0.9442,0.1545,0.5924,2.4976,1
53.0173,20.7204,121.0498,74.9591,5.1936,4.1576,13.9513,0.7360,0.1468,2.0627,0.2447,1.6774,0
70.3642,39.1374,105.9976,122.6279,1.0577,7.3838,20.4100,0.5966,0.8457,0.3257,1.9849,2.4915,1
29.6732,19.1446,131.1926,129.8795,6.0473,10.2104,15.6992,0.9016,0.0697,3.9259,1.9247,2.5862,1
66.1500,38.1047,102.2631,101.9198,8.6135,6.6942,13.2699,0.4215,0.3167,1.6364,1.7800,0.9014,1
67.7069,42.0591,115.8792,174.0519,5.7686,9.9575,29.3481,0.0583,0.9711,2.6026,2.0746,2.3512,1
69.4108,25.3131,123.8344,98.8417,6.2257,10.7509,30.9343,0.0232,0.0515,3.2193,0.7343,0.4885,1
25.5638,27.0317,137.4268,107.7466,7.1680,12.2867,30.9501,0.5736,0.2202,2.6365,0.9747,1.7190,1
57.5803,37.8192,120.6467,182.5259,3.5123,5.8282,26.2220,0.6210,0.1778,0.1442,2.9631,1.6456,1
40.9049,33.9802,152.0089,220.1073,5.8821,11.4185,14.0517,0.7990,0.8813,0.5497,2.7666,2.1041,1
63.2729,19.6089,110.6295,160.1036,7.3464,8.4459,30.4837,0.1026,0.9778,0.1736,0.6025,0.7088,1
73.0391,20.5585,160.7966,142.4087,7.2962,9.8795,19.3566,0.0431,0.7844,0.6924,2.2259,2.4664,1
27.4605,17.5674,138.5550,193.6075,3.1026,10.7909,23.0404,0.4917,0.0817,2.6988,2.6007,0.3346,1
34.2428,16.6879,160.8455,67.1065,8.2360,11.7887,28.8675,0.2938,0.3347,3.4064,0.3445,0.5734,1
71.3275,20.9770,155.2239,87.5200,7.3816,6.9569,22.3441,0.2198,0.7505,2.2068,1.9801,0.4340,1
77.6202,41.8358,126.8218,94.9660,5.3164,5.0843,25.5295,0.6415,0.5625,1.3435,2.2172,1.6999,1
32.8534,27.5826,118.2029,87.9997,7.1385,5.9219,14.7157,0.3733,0.3329,1.4962,0.8813,1.1168,0
81.9739,34.7254,137.4712,147.1365,6.6218,12.2288,23.3773,0.3865,0.6115,1.8694,1.5368,0.5415,1
47.7288,17.9529,111.1403,139.9675,2.2046,6.9566,29.2827,0.1578,0.3087,2.0116,2.5023,0.7280,0
75.3406,35.4041,126.4392,155.7655,5.3114,8.6190,17.1353,0.3523,0.7621,1.9123,2.7576,0.4007,1
89.1001,23.1508,123.2535,177.0164,2.6093,11.7530,9.1312,0.8231,0.5716,1.1597,2.1244,0.3140,1
85.4537,17.2461,153.9197,137.1680,7.9537,9.1010,29.8298,0.8520,0.0956,2.3099,2.6663,2.8516,1
37.0075,39.2642,136.0616,120.7303,8.6711,9.5193,27.3875,0.6885,0.1380,1.5810,1.1250,1.4674,1
49.9165,24.2246,149.7185,112.1575,8.3820,12.0197,13.6690,0.0567,0.7040,4.0983,1.1788,0.2020,1
54.6064,26.9817,134.6141,126.8708,5.8813,4.0753,29.3425,0.7009,0.0967,3.2482,0.6589,1.4421,1
53.8265,32.2354,156.5831,77.0084,5.2614,11.8765,31.2567,0.8099,0.6700,2.8970,0.1834,1.2533,1
57.7273,39.0464,131.1147,171.8145,2.4009,4.4678,21.9940,0.7442,0.3726,0.9208,0.7263,0.7288,1
46.0452,42.1088,106.0640,153.3708,7.4977,9.1123,23.5544,0.0972,0.7422,4.1264,1.8772,1.3283,1
56.9810,35.7460,149.5036,183.4622,5.3761,2.2306,17.4706,0.3697,0.9335,2.1837,2.6593,1.8376,1
38.1210,26.2555,129.2109,97.3244,3.4173,8.5242,25.2937,0.0044,0.6953,2.0132,1.8372,2.8606,1
35.9632,27.2444,127.8715,159.8648,7.1012,12.4491,15.0780,0.2231,0.5299,1.5620,3.0692,1.1338,1
69.4538,18.0228,146.0300,167.9688,5.4591,5.4938,21.8080,0.0551,0.1988,0.6777,1.7881,2.9710,1
34.6358,18.5325,121.6337,203.2771,1.7595,11.4040,26.5033,0.1554,0.9840,1.4960,2.6430,1.4785,1
70.7231,32.4592,130.5507,197.5232,2.1394,8.3073,12.6238,0.7601,1.0081,0.4329,1.8338,0.1799,1
53.6466,23.8684,102.0922,95.1039,8.4838,10.6744,18.0528,0.7684,0.8626,2.2082,1.5897,1.1440,1
56.7038,32.7215,150.9532,131.2411,3.2613,6.7240,29.4864,0.9650,0.0320,2.5946,1.1357,0.6326,1
47.6664,40.5833,147.5774,85.9900,2.7160,9.5703,31.2585,0.5695,0.0913,2.3177,1.5952,1.2708,1
57.6417,36.4749,129.9640,181.2068,2.6969,4.9772,14.9301,0.1532,0.0325,0.8887,0.8606,0.7213,0
78.2651,26.0976,100.4172,96.5682,8.0167,3.5177,15.3651,0.7614,0.4130,1.7605,1.0603,2.4800,0
70.4284,33.2709,144.2254,114.0980,4.3702,7.3243,28.8910,0.4780,0.3608,3.7284,0.6188,1.9153,1
37.1567,25.4597,163.3148,95.1055,7.6041,11.2581,20.1506,0.9695,0.3368,0.6215,2.8895,0.0692,1
25.9804,20.3222,159.0998,163.4692,8.2983,9.3558,31.7956,0.6641,0.5603,0.8070,2.8553,1.0521,1
37.8291,17.8288,104.6021,192.9062,7.7072,8.6249,27.1959,0.0279,0.5510,2.0351,0.9316,0.5828,1
40.3272,19.3339,158.6786,144.8964,3.8154,12.2110,33.0997,0.9986,1.0257,2.5361,2.0850,1.1142,1
86.0520,27.3183,161.6187,98.5356,7.3630,10.6655,14.7579,0.9615,0.8615,2.7093,1.8578,1.1386,1
52.2508,38.4953,97.3824,178.7472,0.9507,4.7348,10.9368,0.7811,0.9801,3.2428,2.9480,2.9989,1
40.0152,39.4372,115.5942,182.2757,7.7318,11.3833,32.1852,0.6482,0.3707,3.9745,2.0615,1.2377,1
32.1123,29.4609,165.0341,88.2140,6.6602,9.4791,9.2381,0.6796,0.6904,2.9496,1.7154,0.5939,1
63.9292,19.1022,119.8725,161.9190,4.1938,8.5558,21.3503,0.0598,1.0088,3.8571,1.8800,2.2071,1
79.1840,37.0351,125.7997,206.5130,4.6136,9.9522,26.5342,0.3067,0.3639,0.1507,1.2381,1.4120,1
47.0396,19.4889,131.0579,156.6003,1.6577,6.6251,11.3109,0.6152,0.5120,4.1239,0.6762,0.2642,0
65.8181,40.9240,140.9444,191.5086,1.3188,6.6251,26.7049,0.8904,0.3852,2.4940,2.7299,0.4560,1
24.7955,31.5122,128.8706,102.4783,2.5335,11.1360,17.2510,0.5208,0.7107,0.9699,0.1482,1.9247,0
63.5286,29.8080,148.4882,130.8431,1.0180,7.8457,26.5686,0.8438,0.6702,2.8689,1.1026,2.9993,1
50.5926,35.2977,110.5592,178.9785,5.3227,3.0290,32.2002,0.4602,0.3524,2.2316,1.5085,0.2090,1
81.5721,20.9350,156.9938,137.0298,5.7878,7.7268,13.8553,0.8175,0.1420,0.5112,1.8266,2.5533,1
37.0795,27.4201,128.3059,180.5396,4.4531,10.2341,10.6570,0.2870,0.3861,4.0860,1.8916,2.3807,1
62.4829,18.5781,111.0200,98.4477,4.1630,8.9357,22.5589,0.7848,0.0191,3.8432,0.7358,0.3753,1
76.9039,36.7665,158.9833,72.5017,0.6954,3.0094,21.3751,0.8259,0.1967,3.4744,1.9447,0.3420,1
66.9597,41.0238,135.1391,127.9622,3.2208,8.2597,17.3440,0.3076,0.3691,3.2177,1.0389,0.4955,1
49.1450,31.3868,133.2514,191.4126,8.3449,9.6767,18.8262,0.8470,0.3189,0.9356,0.3079,2.0177,1
62.9441,22.5514,131.5009,180.0300,3.7841,12.0920,30.5757,0.7922,0.4182,1.2523,0.5336,2.8454,1
77.1402,20.1060,136.7132,140.8990,8.5058,2.2568,25.9715,0.0664,0.6607,3.9774,1.8633,0.5205,1
62.9048,35.3234,163.9238,107.2975,0.6938,6.4516,16.3926,0.5761,0.5137,2.4648,0.5079,2.3706,0
80.3861,24.7692,97.6348,193.1016,6.9658,9.6740,16.8528,0.2898,0.3319,0.6060,0.0983,2.3678,1
24.1095,41.7207,123.6668,154.8211,2.9284,11.0861,22.6126,0.8451,0.5743,0.3718,2.2101,2.6847,1
28.4725,38.0339,100.4282,96.1344,6.5454,4.9967,13.2645,0.4086,0.1658,3.7772,0.4101,2.9508,0
63.9459,32.7353,101.3908,119.5309,1.9831,9.7649,16.0007,0.2498,0.5277,1.1858,1.1453,1.2766,0
71.9784,29.5604,120.6924,169.2294,5.8037,11.8940,14.3926,0.5428,0.0151,3.5433,0.9945,2.5833,1
64.4308,31.0289,147.6197,69.6229,4.1294,6.8910,11.6540,0.1529,0.4196,2.7435,1.3453,2.7125,1
82.7231,27.3874,122.3718,112.8431,8.7374,2.8979,29.9272,0.9745,0.4777,3.9957,2.9534,1.6999,1
67.6841,40.3339,147.5462,75.1890,4.9286,4.5659,12.1667,0.9487,0.7492,3.5084,0.9352,2.8530,1
48.1484,30.6886,134.6939,205.4843,0.9746,8.5880,28.4003,0.1507,0.5617,3.0063,1.7490,1.8731,1
68.9337,37.4955,151.3977,195.5127,2.6091,3.3170,22.8131,0.6890,0.9176,2.5324,2.2885,0.2029,1
45.8341,31.9945,148.8092,178.7602,5.3888,2.4695,30.4431,0.1591,0.5267,2.8003,2.4984,0.7919,1
53.4952,30.8529,150.5202,102.5151,6.7989,11.9017,27.0540,0.1660,0.4756,1.2913,2.6341,2.2341,1
55.0274,18.1640,148.3179,75.8308,3.0729,2.3206,26.6700,0.9741,1.0105,2.5760,1.8267,2.8264,1
86.0902,26.4544,116.0506,176.4318,4.5857,8.1498,20.1256,0.6118,0.0729,2.7127,0.5749,0.2969,1
60.1275,35.7275,97.2494,144.4942,1.8691,3.6726,14.0982,0.4703,0.4726,1.2962,2.9577,2.1028,0
65.6571,39.2170,163.8287,197.0014,3.3151,8.0319,26.4461,0.4434,0.3266,2.4585,1.7956,1.4831,1
85.1096,28.7799,107.0258,142.9381,5.3549,8.4838,13.8483,0.4802,0.3122,0.2817,2.7540,2.8665,1
67.1938,23.8224,135.3972,123.4094,3.5532,11.6418,29.8661,0.2680,0.9987,3.9904,1.8759,0.8308,1
66.7248,32.3842,123.8606,138.7149,3.6152,6.6447,12.8102,0.4960,0.2977,3.9395,0.4845,2.0231,1
80.0557,23.6240,160.0519,132.0897,2.3042,5.2545,12.2627,0.0420,0.6719,2.8749,1.3257,2.6235,0
80.6598,36.9433,132.3888,116.5616,0.5188,9.7230,15.7821,0.8158,0.2073,2.6416,0.5444,2.3574,0
78.0090,17.2758,96.1853,214.3682,2.5689,8.1309,30.4443,0.3503,0.7482,3.2027,2.1498,2.9516,1
61.1985,35.6871,115.2216,187.5525,4.5879,7.2139,26.9194,0.5700,0.8818,3.0629,1.2366,0.9077,1
56.7711,33.5079,150.6580,82.3967,1.8080,10.0988,10.8085,0.8320,0.4289,1.5939,1.0808,2.0477,1
64.8435,23.3285,104.1290,188.6043,4.2725,4.7284,23.4852,0.7021,0.6698,1.8853,1.9644,1.4838,1
71.2291,23.6136,145.8154,119.0689,2.5035,11.7471,23.7766,0.1981,0.9293,2.7112,2.3151,2.1541,1
37.9847,32.5169,107.7897,93.6897,4.1480,1.9103,28.1895,0.8246,0.1374,1.7428,2.8898,1.1092,0
58.2502,24.6275,148.3827,178.0383,7.0258,2.2943,24.2908,0.2975,0.9867,0.4802,2.9767,1.1834,1
67.0261,36.2525,100.5308,169.7042,3.4007,9.8116,32.1257,0.2367,0.2215,0.7674,2.4346,0.6859,1
49.3120,24.4439,128.3951,156.4506,1.9145,3.1945,30.5587,0.5710,0.3242,4.0853,1.3424,1.0482,1
62.4681,35.2938,130.2881,188.5789,0.5192,8.1068,24.9947,0.1827,0.6899,3.3716,0.2907,3.0642,1
83.4947,23.6761,126.7024,202.8593,8.2897,6.9937,8.7081,0.2178,0.7929,1.4622,1.8245,0.2298,1
60.5501,30.1333,130.7072,127.4713,6.4000,2.0353,13.9428,0.7605,0.4842,2.2224,1.9243,0.9166,1
87.9753,41.6199,105.0776,95.4913,4.1764,4.6382,19.3822,0.1863,0.2819,0.8457,0.1815,0.4435,0
37.9952,37.4326,123.3552,131.2626,6.2014,2.6871,22.5658,0.1316,0.4902,3.2128,0.3778,1.4517,1
35.0658,31.6725,111.8004,133.1729,1.4878,2.6534,25.5206,0.7538,0.0414,2.3962,2.9799,2.0420,0
59.6441,35.9961,105.4533,208.6858,7.2548,9.5432,25.3757,0.8695,0.3667,1.1922,2.9377,0.7437,1
84.9345,33.2572,130.6959,86.9713,3.3565,7.8401,15.2995,0.5028,0.3523,0.3365,2.8418,2.3788,1
79.2899,36.0373,112.6195,207.4481,5.6327,4.3024,15.3932,0.3344,0.3192,2.8451,0.6925,0.1790,1
73.9777,29.2007,114.3620,199.7730,7.5503,10.4928,9.1702,0.9508,0.9227,3.0905,2.9615,0.4750,1
75.8847,25.5989,163.3801,95.2781,2.9411,5.4990,17.1767,0.0171,0.8957,0.9241,2.3884,1.5156,1
69.5671,38.2679,101.0153,72.0398,2.7978,5.3887,10.7697,0.3211,0.6475,2.5785,0.8078,2.8236,1
56.1561,37.0894,166.4583,80.6143,0.5926,2.8934,12.9088,0.5588,0.0439,0.9130,0.1830,0.4618,0
84.2105,28.8669,167.3072,73.1999,0.7690,10.4837,10.1747,0.5467,0.2748,2.9024,1.4406,1.7479,0
85.5354,20.7228,153.4490,108.2772,6.6462,11.2198,23.9724,0.3435,0.2382,1.9913,1.0549,0.2628,1
65.0898,35.2700,127.7728,113.5152,1.4324,8.4050,9.2216,0.5127,0.2261,4.0169,1.8320,3.0677,1
46.2477,31.8134,133.7614,147.7929,5.3235,8.1822,24.9164,0.5570,0.1747,3.3575,0.7973,2.1202,1
34.1750,31.8897,143.1841,148.3562,5.2767,6.8114,16.8958,0.5597,0.7887,3.0510,1.1178,0.8729,1
47.3003,39.9235,146.6259,149.5428,8.4797,2.0321,25.7161,0.4699,0.6053,0.4191,2.9858,0.1484,1
82.6843,16.8513,136.8718,149.0457,2.6992,3.8343,12.0436,0.3792,0.1024,1.1860,1.7709,2.3383,0
33.4897,34.0541,97.9123,88.7005,4.4422,4.4408,26.1805,0.2491,0.4184,0.6191,2.4803,1.6162,0
45.5009,37.4171,132.1961,194.5246,2.7562,5.2354,25.4307,0.4847,1.0262,1.2193,2.6238,0.7469,1
78.0676,21.9376,165.3981,118.4039,1.4073,10.4663,30.0796,0.7312,0.6747,3.6962,0.2298,2.5931,1
82.3820,36.2622,144.3616,147.4455,8.3405,7.1347,28.7532,0.2745,0.9468,1.2160,0.1385,2.2445,1
48.8306,16.4608,109.3298,179.9461,2.6078,10.3428,18.5041,0.4393,0.4043,2.2237,1.8645,1.7688,1
29.8287,41.4542,132.3554,170.2720,1.9574,5.3053,29.1937,0.5614,0.0378,2.5124,0.9549,1.9505,1
29.5670,22.5131,116.0045,137.7243,8.0818,7.7825,22.4187,0.4921,0.9355,1.4718,2.0673,2.8626,1
52.7844,38.0607,139.5748,119.7063,7.4221,1.9827,14.6264,0.5515,0.9913,2.8566,0.5991,1.0805,1
81.1176,26.6180,164.3297,69.2834,3.9035,6.1762,12.2772,0.7022,0.0803,1.5889,1.0796,2.1327,0
86.8805,20.5554,132.5178,91.4228,3.4437,8.7273,26.3771,0.7190,0.9868,2.8921,1.6000,0.6154,1
66.9539,31.1948,145.2473,194.2686,2.5258,4.8525,17.5975,0.2237,0.7802,2.9867,0.0441,0.3848,0
39.2872,33.9155,112.8450,92.7718,4.2780,1.8156,29.8209,0.7745,0.7726,3.5131,1.8475,2.6507,1
39.5512,38.5036,128.4261,170.9632,7.3848,9.5573,31.5848,0.9016,0.1150,2.0882,0.0541,1.6562,1
27.2834,39.3104,130.1989,148.5326,0.9523,4.4289,11.5943,0.2290,0.0997,1.0543,2.4047,1.8237,0
66.4205,29.1566,111.9425,181.6851,6.1872,1.9032,23.9887,0.1935,0.3476,0.1308,1.4116,0.7187,1
44.7826,27.8420,105.9973,123.0791,2.2879,3.0996,17.0731,0.0235,0.1530,1.7897,0.9342,1.1772,0
83.8610,18.9932,133.6088,149.4925,5.4384,8.8579,17.8210,0.2653,0.9496,2.3097,2.6382,1.9797,1
35.4185,22.2277,164.8962,106.7480,5.5432,4.0824,24.2088,0.7830,0.3866,2.2289,2.7431,1.7095,1
58.0859,39.7015,101.8661,148.1334,4.3394,4.5958,27.3538,0.9184,0.1329,0.1438,1.0881,2.5274,1
84.7794,30.9033,120.2346,138.7792,4.6536,9.2375,19.0518,0.5570,0.7265,2.9967,0.3356,2.2766,1
78.8543,28.4864,130.8575,176.2262,2.8232,7.2948,17.2077,0.8404,0.2275,3.9311,2.3168,1.3835,1
24.2124,29.0879,118.3667,107.9159,7.2306,6.7530,11.4605,0.4937,0.4663,3.6406,1.9379,0.5816,0
80.6577,17.6979,116.6212,110.4534,1.3132,2.1675,17.7706,0.4303,0.5870,1.8777,2.2199,0.1044,0
43.3985,34.5633,154.3957,136.8603,7.5348,2.7758,22.4355,0.9559,0.4417,2.8487,3.0870,1.6488,1
80.2073,41.6322,158.9855,134.2470,3.4760,5.6729,15.9202,0.1913,1.0099,3.8910,1.2011,1.1702,1
79.1508,35.0037,97.3794,181.9520,7.6310,4.7511,17.9778,0.2786,0.1185,2.9801,2.1332,1.9755,1
74.3298,33.0022,111.6270,138.3120,4.6887,2.7111,26.6294,0.7006,0.5148,2.0437,0.8437,1.1238,1
80.1672,22.0094,141.1130,154.1731,7.7191,8.0497,30.9752,0.9125,0.0281,3.4673,1.8466,2.5273,1
31.7823,41.9623,121.8701,198.4905,2.9100,2.6092,15.7657,0.8904,0.4071,3.3730,1.9694,0.8925,1
28.1487,21.3126,160.1797,116.4442,1.9564,9.9042,22.5896,0.3644,0.3106,0.3427,1.9843,2.4443,0
37.4064,41.9216,125.1987,85.4316,4.3593,10.0685,21.0391,0.8243,0.7505,2.7938,2.0221,2.1643,1
86.1503,34.9403,161.6013,97.8481,3.6765,6.2938,20.2610,0.2572,0.8748,2.6918,0.2765,1.5135,1
68.6098,36.7140,100.6595,128.3929,5.0601,12.1376,32.8105,0.5017,0.1229,0.5857,1.4221,2.2457,1
27.9394,17.0863,135.7634,100.6707,5.8149,3.4059,9.7931,0.5592,0.3984,2.9991,2.8480,1.4743,0
72.9150,38.4147,99.3001,176.2885,6.1836,10.8203,30.7217,0.3891,0.9159,0.9580,2.1319,0.7340,1
60.5912,26.1348,128.7063,200.3753,6.2125,9.1961,23.4306,0.6269,0.2865,0.7180,2.4132,0.5476,1
70.5971,16.7698,117.4209,81.3327,6.9689,12.4320,15.3502,0.3233,0.9192,3.0398,2.8425,2.6191,1
40.3541,21.4452,101.0817,207.8488,7.0669,11.6653,13.3236,0.5664,0.4195,3.6323,2.5898,0.6057,1
78.3210,30.8915,123.3976,190.5545,1.3199,6.1471,22.6456,0.1703,0.4016,1.5207,1.5589,1.1322,1
52.2024,39.3785,163.4507,124.6429,3.9812,5.2891,22.0566,0.7921,0.4681,0.6151,0.0822,2.1923,1
60.5496,31.5732,151.6159,75.7314,5.8109,9.8658,24.1353,0.4332,0.2393,1.3834,2.6508,1.3001,1
30.9053,29.8510,152.0392,195.3399,8.0538,7.1652,19.6655,0.2456,0.3995,0.9917,0.2713,2.9157,1
43.0709,17.0345,100.6603,214.3352,2.2733,5.2185,26.1235,0.5039,0.7111,3.4905,1.1015,2.2222,1
76.9633,33.5579,106.1888,109.1360,0.8786,1.1883,28.5589,0.0422,0.4752,1.8203,1.8995,0.7413,0
34.7011,34.2028,135.0686,156.5283,4.8069,6.8351,19.4917,0.1166,0.7071,0.6927,0.9396,2.7607,1
41.7433,36.4735,148.2283,133.8990,1.3945,6.3337,9.8433,0.4219,0.9460,2.3243,2.8971,1.4681,1
75.7848,32.1636,126.4197,164.5373,8.1199,4.6777,25.6839,0.5926,0.0645,1.9511,2.5233,0.3538,1
63.3878,33.7562,126.0939,117.1398,3.7187,5.5458,27.2031,0.1988,0.8834,1.7685,2.5992,2.0816,1
51.9853,36.8775,157.4124,196.1692,4.9266,2.9226,25.6389,0.5039,0.0689,0.2164,0.6604,0.4046,1
33.6339,25.7128,116.2247,152.8582,7.2218,7.7885,16.4277,0.6702,0.9721,2.8172,1.4912,2.6453,1
51.1374,18.5328,157.0267,183.6548,5.8065,8.4789,28.3770,0.7580,0.1029,0.9026,0.4369,2.7965,1
26.3303,38.8138,132.4496,125.4554,6.6814,4.3508,27.5149,0.4242,0.3672,1.0432,2.8028,1.7704,1
46.5836,34.2969,133.2155,72.0395,8.2881,4.4120,12.8194,0.5830,1.0102,1.5753,1.8479,2.5996,1
64.4876,34.4680,136.4725,205.7467,6.4892,11.1874,18.5996,0.6916,0.0849,2.0608,2.7234,1.2501,1
36.9034,36.5018,136.5099,94.5413,5.5418,11.5893,22.5176,0.7971,0.8242,0.2094,1.0017,0.9768,1
69.3105,37.5565,115.0226,124.7981,7.0905,9.0953,17.8738,0.5412,0.2368,1.5552,1.4291,2.1072,1
88.1895,40.1125,119.8967,181.0848,5.6998,7.7243,30.7090,0.1388,0.0519,3.4319,1.0959,1.3331,1
73.4514,24.9738,108.2539,123.4303,5.0883,3.1901,19.9491,0.1979,0.5412,1.2698,0.4735,1.7907,0
47.9221,35.3202,129.0815,177.5306,1.2630,4.9897,23.2148,0.6772,0.8575,0.2497,0.7813,0.7975,0
46.9823,39.4032,151.9351,119.5387,1.0942,8.6486,15.5726,0.8092,0.6650,2.3349,2.7339,1.8145,1
52.4747,23.8492,147.8688,122.2068,3.0985,2.7937,11.0464,0.4401,0.0777,1.5415,0.8804,0.6781,0
74.1622,40.9414,133.3810,191.9633,5.3267,9.3494,30.0421,0.7069,0.6183,3.1268,0.4691,0.3799,1
69.7370,27.8269,163.7274,71.9493,7.8783,10.6439,26.8735,0.6499,0.3733,2.4296,1.5955,2.5861,1
29.0625,28.4173,107.3543,192.1091,0.5928,9.3192,29.3779,0.9982,0.7891,2.2127,2.4475,1.7929,1
88.8000,19.0309,152.8007,156.5490,4.5475,7.0122,13.6072,0.6414,0.0989,3.9015,3.0571,2.7839,1
34.4113,27.0867,104.3415,150.0284,7.2084,11.6757,25.0812,0.8107,0.1342,2.2497,2.6670,3.0451,1
53.6224,32.7320,153.7274,146.2225,4.9558,8.0123,16.3763,0.3618,0.3666,2.5597,1.1847,3.0419,1
51.3192,42.1985,126.0702,126.5316,7.4833,6.2681,11.1088,0.3124,0.3566,0.2065,1.6934,1.9163,1
50.9265,37.4338,98.2619,129.7750,3.1170,4.4248,29.8993,0.7672,0.5666,4.0083,2.8087,1.2023,1
38.6709,27.5124,138.6071,110.3617,7.7244,8.3095,28.0299,0.4812,0.9155,1.9363,2.5717,2.3508,1
64.7939,22.9903,157.8299,86.7485,8.0567,10.8488,26.1677,0.7793,0.1607,1.8373,1.4738,1.5616,1
37.2208,43.0398,152.5451,164.1841,4.5047,11.7459,22.5624,0.0082,0.6155,3.0396,1.7275,2.1270,1
77.1775,25.9159,109.2841,179.1216,8.6736,8.2222,25.6555,0.0621,0.3936,3.5622,2.6037,2.1517,1
79.2577,28.0405,161.5703,136.8775,8.6254,10.2986,14.5927,0.7583,0.9647,2.1456,1.0570,1.6472,1
30.8836,17.3580,125.1762,167.0346,6.1849,3.5889,28.7443,0.7916,0.1668,2.2736,2.7810,1.2155,1
62.8051,18.8989,118.1669,186.8281,7.2680,8.9091,21.3598,0.3731,0.6186,2.0598,1.5094,1.2212,1
79.7269,18.7638,101.3219,149.9565,5.9444,11.3495,8.6156,0.5657,0.2554,1.6333,2.3629,1.4263,1
32.2661,27.3670,96.5860,96.4252,7.7428,3.9336,17.7714,0.6475,0.8634,1.1113,0.4182,0.9818,0
55.9001,27.8762,149.1101,162.2454,2.3334,1.6756,27.1928,0.8464,0.7470,3.9067,0.4229,1.3090,1
75.7529,35.0812,162.6987,186.3815,6.2972,2.6648,10.5270,0.2812,0.2086,1.6133,1.4936,0.8657,1
71.8704,21.1545,149.9487,158.6395,8.4381,3.8907,17.2157,0.7781,0.7431,1.0817,1.1318,2.9986,1
55.6059,37.6754,147.5842,149.4293,8.6312,9.3871,9.2863,0.6327,0.8462,4.0067,1.8553,3.0513,1
64.3299,26.9849,103.8989,208.1023,1.5420,3.6673,27.0887,0.0705,1.0047,1.8745,1.9051,2.0142,1
84.2994,35.1347,143.0296,133.6303,4.1166,3.8089,29.1665,0.4088,0.9362,3.6427,0.0799,2.6128,1
62.1722,23.8329,150.8386,115.4881,8.4491,9.5439,19.3631,0.4780,0.9191,1.9769,0.7826,0.7371,1
53.4969,34.6947,166.8033,192.1254,6.7700,10.1466,14.5933,0.7503,0.9108,1.2226,0.6235,2.9051,1
54.0926,41.4781,142.2518,133.3394,6.0180,2.2469,12.4277,0.9105,0.3216,3.3215,2.9043,1.2126,1
77.8632,38.3148,143.6188,106.2459,3.8887,4.7090,17.9309,0.9100,0.6466,1.5031,1.9407,0.8979,1
59.7962,35.0657,97.9815,153.3701,6.8974,9.0570,15.7567,0.5328,0.1279,4.0127,0.7085,0.7216,1
40.0208,42.7161,123.1941,112.4994,3.0356,10.8424,16.7847,0.9625,0.6018,3.6940,0.2211,0.6833,1
88.4221,34.3404,142.8500,149.7487,2.8799,6.1826,22.0993,0.2488,0.4464,2.2174,2.9514,0.8930,1
65.7170,17.2118,142.5043,185.1784,6.7793,1.5419,14.7061,0.7530,0.0376,1.4767,1.5975,1.6225,1
36.3650,34.4158,147.7737,191.9204,1.8389,9.7474,10.7531,0.3331,0.3552,3.2649,1.2063,2.9794,1
70.0404,35.1531,158.8568,133.3281,5.2530,11.1364,9.9738,0.3266,0.7911,2.2325,0.8150,1.6973,1
63.7692,33.6977,133.9286,87.8655,7.7477,6.0952,22.6327,0.4128,0.9241,0.5567,2.7758,1.8165,1
58.7050,30.5319,154.3653,109.3407,5.1393,9.9611,32.6275,0.1150,0.0440,3.8685,0.9195,1.8378,1
41.0415,17.0804,141.3832,151.4703,1.8239,7.1502,13.8016,0.6896,0.3183,1.9020,0.7120,1.7674,0
72.5548,41.0792,106.7983,139.3668,7.1178,4.4992,23.1741,0.7736,0.0066,2.5251,0.8574,2.3611,1
30.1790,21.1412,117.1716,152.9194,2.9208,3.6100,32.5183,0.6363,0.8640,2.8885,0.0688,0.1534,1
28.1385,20.2834,126.6080,117.2188,7.6201,8.5540,20.9254,0.3824,0.3541,3.7175,1.0074,1.5246,1
55.2844,24.4969,104.5436,140.7648,1.0780,11.7703,13.2781,0.9560,0.7690,2.6044,0.7832,1.0146,1
83.2909,34.1161,130.4402,75.5147,6.6172,9.1219,13.4632,0.1886,0.1665,2.8282,2.7013,1.2679,1
85.5387,34.1340,97.4957,186.4966,5.0347,4.2827,14.7708,0.4237,0.3699,3.5441,0.4024,0.8883,1
42.8382,24.6926,165.4495,115.8515,6.7508,8.1810,32.0131,0.2394,0.6646,3.0914,1.1965,1.4581,1
48.4339,23.8928,131.5887,191.9649,0.7065,4.9224,27.8843,0.5811,0.4597,3.0140,2.1281,0.5021,1
46.1065,40.6782,102.0037,68.6851,5.8197,2.2865,9.2726,0.1489,0.6905,2.9376,0.2623,2.5955,0
33.4917,19.8805,166.0798,103.8136,1.8815,6.3328,24.6811,0.3218,0.8336,0.1058,2.4895,0.4723,0
53.9373,36.6066,99.4671,199.0335,4.9808,4.9702,32.8749,0.2078,0.9850,1.2764,2.0968,1.7411,1
60.6971,20.8321,153.8534,177.2780,6.3183,3.6987,11.2204,0.6862,0.8702,3.4580,1.2132,1.9211,1
51.2506,41.7440,130.8019,139.7288,7.5971,7.4748,19.7286,0.0884,0.6442,2.2692,0.4302,2.1167,1
55.2804,25.1339,156.4368,115.6026,1.1752,3.6385,28.2760,0.7481,0.9542,2.4267,2.9557,0.8225,1
80.0014,39.8462,133.0917,101.9683,1.3124,3.5492,31.3842,0.7075,0.2978,2.3975,2.6235,2.1702,1
88.6018,17.1701,145.9172,87.5764,2.4319,9.7223,24.5699,0.7065,0.3486,3.6597,1.8398,2.8612,1
71.8686,26.2731,142.9052,111.6115,1.3279,7.9397,31.9002,0.0406,0.9534,2.4854,2.6042,2.1255,1
77.8036,27.8612,134.4270,116.4083,8.0903,11.6028,17.3410,0.9298,0.0733,4.0734,1.3772,0.5101,1
35.6306,22.9839,130.7440,165.0824,2.0866,1.7798,21.5323,0.2903,0.4306,2.1484,0.6834,2.4565,0
82.6584,28.9149,122.0376,122.7049,0.6812,9.3203,18.7684,0.0162,0.9968,3.5733,0.7819,3.0737,1
50.3285,34.0595,121.2882,141.8033,6.5759,5.6815,12.9035,0.5862,0.2706,0.7276,1.8919,1.2017,0
74.6890,37.5456,115.2440,110.5217,2.2494,10.2803,32.5289,0.0934,0.0753,1.6051,0.5774,0.2535,1
37.9321,27.7766,121.5111,174.1390,1.9245,9.7796,18.3602,0.4704,0.2700,2.8805,0.9485,1.1273,0
55.7028,22.3036,164.5426,122.1503,5.4613,9.0115,17.1831,0.9999,0.9514,1.1702,0.9462,2.8244,1
74.6333,21.7425,116.8215,150.3820,5.3961,1.8570,16.8640,0.6180,0.0506,1.0036,1.5364,2.1886,0
54.4995,24.6152,105.5650,153.6666,2.2346,12.0849,18.7568,0.6558,0.7633,2.8685,1.3125,0.3805,1
78.4843,36.6563,140.2434,204.7619,5.2948,7.1157,26.0013,0.4195,0.7194,1.1740,2.1615,0.2617,1
80.0029,34.8194,125.8067,119.0945,5.9437,4.4351,28.2689,0.7575,0.4400,3.6150,1.2441,1.7188,1
78.7877,35.2587,164.6388,150.1319,4.9588,3.5981,25.6899,0.5904,0.5092,3.4073,0.9139,0.4163,1
33.6574,20.1280,130.3231,94.8796,2.8510,3.1446,9.7780,0.7895,0.0798,0.7120,1.6563,2.5336,0
52.3973,31.4154,123.7585,111.0097,2.7785,9.1692,23.2479,0.0228,0.0388,0.5315,2.4752,0.8266,0
69.3889,37.0957,127.3678,125.7885,3.9922,2.0558,14.2852,0.3984,0.7690,1.4730,1.4599,2.6278,1
64.0604,42.5034,161.2059,125.2093,1.2254,7.6495,24.6645,0.8158,0.0765,2.6369,0.9093,0.2995,1
74.6828,29.3658,116.5241,144.0791,3.1656,2.6167,22.9759,0.2746,0.4313,2.5674,2.7400,2.4491,1
61.4470,33.9692,151.7770,108.0195,7.5047,4.5317,14.0618,0.6633,0.4784,1.1865,1.0671,2.2205,1
67.3090,24.9516,160.3345,145.8381,7.5822,5.9488,13.3964,0.3800,0.5129,3.3160,0.3113,0.5434,1
86.1224,24.7682,155.5218,124.7970,1.9922,4.0693,17.8119,0.5626,0.9014,3.1936,1.7023,1.9681,1
33.8494,19.3090,165.6379,120.6601,6.4014,3.8347,21.1688,0.8684,0.8021,0.4289,1.1546,1.9659,1
54.4410,42.5572,128.1393,90.5585,1.7291,8.8011,16.2337,0.0852,0.6386,1.5564,1.2207,1.0513,0
53.0338,38.9853,161.5401,196.5889,3.9793,5.2350,17.4075,0.9605,0.0533,3.9701,3.0724,1.9811,1
70.2190,39.6497,160.2079,158.8035,7.6409,2.2787,28.1588,0.0544,0.8858,1.2894,0.6776,2.3030,1
43.3801,20.2133,147.5698,141.8313,8.0848,5.0433,27.4312,0.6463,0.9204,0.8254,2.2457,1.9523,1
52.7445,17.5960,151.3874,141.6716,8.5131,4.8128,22.7430,0.2867,0.1828,3.3400,1.2024,0.9164,1
71.7857,18.8077,119.5126,178.3929,8.5805,6.4844,28.6801,0.2393,0.8856,0.3174,1.7018,1.6898,1
42.0353,31.9706,137.6523,173.8583,5.8398,9.0462,23.5430,0.6686,0.1256,2.0696,1.1969,1.7098,1
64.0793,19.8206,130.3839,169.0350,4.9487,5.6796,26.2918,0.2559,0.2402,0.2534,0.3818,2.8234,0
67.3930,24.0158,165.8797,190.7010,5.2704,11.0258,14.5466,0.1160,0.4823,2.7856,1.8656,2.8539,1
81.4025,36.6944,150.5738,84.8656,8.0153,7.7292,23.6530,0.3634,0.8281,0.7269,2.3946,1.1509,1
73.4377,17.6800,128.8775,98.2184,3.0388,3.4411,19.7929,0.2212,0.4369,2.3846,2.1300,2.9867,0
31.3438,36.6795,153.0914,89.1915,3.3568,9.6462,23.8464,0.6371,0.5224,2.8197,1.0565,1.8461,1
76.6854,39.1327,129.1057,194.3566,3.4812,1.7635,21.8437,0.6299,0.3662,0.4503,1.6511,2.2008,1
54.6510,32.1233,120.9091,182.6430,4.6518,9.6165,14.6665,0.5203,0.0957,3.0717,0.5203,0.7528,1
40.8578,28.5017,127.6239,129.8413,7.3971,11.3355,18.2655,0.2297,0.8649,2.7521,1.4335,0.7076,1
78.6295,40.7253,163.9356,170.5035,6.6576,6.4489,26.2530,0.2292,0.4559,0.2437,1.2133,1.2219,1
35.2564,28.1102,155.2462,81.5152,8.7533,12.0207,11.4710,0.2272,0.3286,1.3699,1.0363,1.3785,1
62.6806,42.4043,146.4897,171.7225,1.8837,1.5479,19.4950,0.6715,0.4838,3.6279,0.8961,1.2866,1
47.6524,24.4642,160.1510,173.0297,6.7735,8.3068,18.3459,0.5872,0.8567,0.8566,0.2431,0.9684,1
40.3479,25.5741,114.7074,111.7905,7.6656,3.3184,28.6481,0.2860,0.5678,2.9920,1.7391,2.0526,1
80.3367,22.1076,143.7896,78.9356,3.5396,11.4361,20.3762,0.6694,0.8910,0.6864,0.8800,2.1351,1
49.3674,40.3567,139.1386,140.9564,5.2840,3.6278,11.9292,0.5190,0.5328,3.4778,2.9150,2.0410,1
55.6740,19.9456,155.8670,151.4918,7.8322,8.6615,18.8435,0.8452,0.9061,0.1946,1.3090,2.7148,1
48.8805,42.1028,125.4351,181.3684,5.5856,4.0992,11.5419,0.4395,0.5954,3.5789,1.1154,0.4190,1
33.6213,41.4383,133.6923,91.9092,6.6283,9.6541,27.6584,0.7577,0.2255,2.2173,0.7324,2.8525,1
70.0522,20.2598,108.2756,109.3431,5.6838,6.0542,24.2923,0.4878,0.2348,2.3791,0.5518,1.8323,0
73.1824,26.5467,114.9521,175.9744,4.9428,5.7236,26.4272,0.7453,0.4631,1.7889,1.6462,0.0718,1
84.8318,22.0593,106.6285,213.6188,5.4689,11.4727,17.9541,0.7779,0.7808,3.5984,0.1769,0.3824,1
25.4218,17.6327,133.0825,169.5893,1.6009,12.1348,30.6916,0.5292,0.7361,1.5494,1.6484,1.9893,1
76.8401,16.4763,135.1983,78.0231,0.8700,12.2874,23.9682,0.4979,0.5525,4.1475,1.1317,2.8149,1
43.9993,23.7057,160.6957,122.9016,1.6573,3.2981,12.0950,0.5596,0.6699,0.6608,0.8106,2.4793,0
83.4195,27.3710,152.3474,135.3872,2.2635,2.3051,26.2193,0.2229,0.2609,2.4488,0.2937,0.5739,0
28.7407,26.3769,115.8550,83.7861,4.7144,12.0972,20.9810,0.9722,0.5555,3.8534,1.3985,2.3060,1
40.3176,33.2796,156.1437,196.0135,6.9679,5.1693,27.7413,0.5387,0.8129,0.4647,1.9595,0.5578,1
38.7077,31.3405,101.5344,215.6246,8.0753,7.0659,15.2329,0.1879,0.1623,1.5656,2.2143,1.7429,1
83.2148,36.3496,127.5411,202.7756,6.5363,1.9088,29.0857,0.2191,1.0118,3.4450,0.4632,0.3078,1
56.4245,34.3894,141.3634,146.7233,7.2558,4.9660,10.6003,0.1918,0.3539,1.2194,2.8590,2.2220,1
49.5815,37.6267,152.8100,119.4827,4.7634,9.5373,22.2685,0.5827,0.5153,1.7531,0.8165,0.2955,1
68.1373,38.6640,149.8174,108.3353,1.5390,5.2138,21.6418,0.6989,0.3918,2.2404,2.5639,1.7011,1
59.3719,37.4382,119.5513,144.6833,3.3485,3.6721,21.1058,0.5463,0.9549,1.7195,2.9784,2.3823,1
53.2543,39.2774,103.0882,141.8084,7.7318,9.7449,16.5930,0.0458,0.9013,1.9791,1.5252,2.3820,1
29.9980,33.5186,158.9146,126.4476,2.5211,6.5911,23.7646,0.7501,0.3703,1.6519,1.9013,2.0445,1
36.0710,41.5220,100.8549,82.2495,5.5998,6.5124,29.5718,0.1361,0.8031,2.5095,1.3346,0.8808,1
70.6625,33.3821,156.1481,105.5091,6.4347,12.3511,10.4303,0.3187,0.8836,2.6759,0.2571,1.0088,1
28.8996,31.0553,161.7785,111.3421,8.3014,5.0590,20.3676,0.4174,0.1049,1.4590,1.1590,2.9778,1
84.0176,23.3655,118.1719,151.6126,2.7224,8.7434,21.9626,0.6681,0.7143,0.4679,2.7717,3.0890,1
58.9896,21.4125,113.8397,198.3020,2.5792,5.3965,18.6823,0.8614,0.1353,1.5877,2.9475,2.8207,1
45.1540,18.2122,153.5251,152.6468,5.9926,6.9059,13.2218,0.2938,0.5112,2.3013,0.3992,0.1441,0
36.4461,31.9977,164.0677,117.5154,7.4873,11.4902,27.5456,0.4892,0.4834,3.2347,2.9327,1.1762,1
69.5201,42.8777,128.2785,108.2873,6.0571,6.9614,23.5963,0.3376,0.7720,0.3626,0.8299,3.0099,1
62.8705,18.8971,162.8292,194.9051,1.2139,7.6176,28.6202,0.0486,0.5981,2.2355,1.2842,2.0266,1
58.3809,42.3545,135.6708,186.9440,4.6720,4.7776,9.0802,0.3549,0.4241,3.1696,0.2533,2.4000,1
25.4674,21.0769,113.6886,78.5366,8.4079,4.9879,12.9860,0.0630,0.7147,2.7841,2.1859,0.8779,0
43.6638,20.0653,161.5656,135.4902,3.2149,10.5769,20.6183,0.4712,0.7395,3.7125,0.9607,0.4362,1
80.8232,20.8732,110.3726,152.7425,8.2102,2.0397,17.7872,0.8892,0.0883,1.0070,2.8695,1.3315,1
87.8400,32.9135,103.9022,145.8506,1.9993,12.0833,8.6594,0.7676,0.7004,1.0213,0.1933,0.5704,1
36.3419,27.7056,133.3143,97.2479,5.9517,6.5356,23.0361,0.9406,0.7581,1.8773,1.7371,2.3131,1
54.8018,36.7700,134.9808,105.6347,4.1283,1.2715,20.1414,0.9464,0.2719,0.7319,2.8118,1.7920,1
87.3816,41.7373,165.8851,176.2924,7.2181,11.6276,30.5703,0.0826,0.3143,1.3636,1.6464,2.1471,1
87.2784,27.1407,152.4860,200.2706,3.6884,5.3112,10.4396,0.3292,0.7579,3.0278,0.4301,1.5959,1
80.2566,34.8947,158.3995,170.2164,5.1897,10.2004,24.1791,0.1327,0.4592,0.6809,0.1771,0.4142,1
63.0810,22.1982,118.2893,172.7607,5.5518,10.5878,17.7795,0.4569,0.4271,3.6833,1.5738,1.9410,1
62.6573,34.8319,108.3340,75.1772,6.3316,2.8081,21.6988,0.0012,1.0024,3.6135,1.6775,3.0360,1
58.6861,37.7548,142.7801,187.9787,3.2655,7.9792,27.9527,0.1407,0.6927,1.3965,1.1365,2.9023,1
59.1127,41.3422,123.2505,156.7991,5.6070,4.8829,14.6059,0.1554,0.7358,0.9349,2.0042,2.7896,1
23.4109,35.1187,132.5610,188.0612,0.8750,3.8829,31.9663,0.3918,0.4062,0.6518,2.6435,0.8132,0
82.7846,35.7895,113.4753,197.1803,5.1423,4.4582,24.6495,0.2471,0.3972,0.4143,2.6631,1.3340,1
35.8885,32.2199,132.9556,180.5370,1.0398,5.8443,13.9645,0.0459,0.2591,0.9960,0.0564,0.8812,0
58.1200,22.1142,147.4318,85.6504,2.1398,7.7154,29.4952,0.8588,0.3051,3.8682,0.0929,2.1134,1
83.9757,40.6690,150.4171,160.6774,2.3329,3.9933,13.1132,0.0666,0.5388,0.0511,2.5627,1.8769,1
42.4193,34.8186,109.3815,128.8729,6.8044,5.9829,20.5875,0.0492,0.6219,2.3403,1.9271,0.7418,1
59.1520,22.4386,96.9106,129.1726,8.4124,3.1829,18.2668,0.8470,0.0517,1.7512,1.1543,2.4923,1
87.6073,26.7271,119.5642,134.6583,8.5698,6.6565,10.4515,0.0970,0.1422,3.7192,0.1596,1.6365,1
67.5484,40.9324,117.4337,139.4602,5.3915,3.1739,9.3931,0.8814,0.7153,3.3782,2.9855,0.7316,1
30.4258,21.2754,102.6020,197.2018,4.8011,8.4152,10.6410,0.5610,0.1484,1.9148,0.5906,2.0937,0
78.7734,35.5287,153.1729,209.4111,3.2453,11.3148,13.1371,0.1691,0.8895,3.3611,1.2042,1.3417,1
78.2641,24.4431,139.1620,194.9099,2.9111,3.8431,10.5732,0.1738,0.4809,2.5479,0.3901,2.3921,1
76.2550,28.1803,152.8155,178.0864,6.1413,2.7070,9.2668,0.0645,0.8390,3.0105,1.5058,1.2979,1
55.0215,39.1580,119.9859,143.2186,6.7475,5.9240,13.3997,0.2895,0.2418,2.3794,1.7636,2.5511,1
34.1464,27.8476,148.4456,191.0191,1.9621,3.3996,11.5658,0.4045,0.4952,2.4345,1.3971,2.8211,0
86.1463,34.5697,153.5350,105.6462,3.0102,5.9139,13.0490,0.4310,0.6744,2.9715,2.8687,1.8342,1
74.1438,20.0881,133.7173,77.8065,3.7557,5.9309,11.1382,0.1295,0.4642,1.7755,1.4308,0.3911,0
71.7361,18.8684,161.2903,79.7771,7.9136,11.2289,14.0231,0.6426,0.8059,3.4972,0.4925,2.4093,1
57.3066,17.3965,116.5446,180.4092,0.6081,7.5435,10.3222,0.1270,0.3592,0.4333,1.8814,0.5271,0
44.9388,39.8643,165.4917,147.2512,7.1592,6.4627,18.8529,0.9969,0.4008,3.1417,1.0189,1.9263,1
85.9387,31.6079,107.2894,180.8026,6.7424,7.5353,16.6240,0.2566,0.1678,1.9710,2.5138,0.9129,1
46.0922,34.8191,137.5804,193.2033,1.3225,11.5661,30.6205,0.3300,0.5200,2.0951,1.8496,1.4100,1
34.3861,27.6210,142.2934,199.7232,3.2764,1.6811,19.6371,0.5892,0.4471,3.5953,2.6356,0.8466,1
87.4460,28.7665,101.4153,87.1948,2.0749,11.3538,30.8569,0.9812,0.5634,3.8081,0.8156,2.9523,1
65.0344,24.5177,105.7571,136.2740,4.4421,7.2403,26.5192,0.0907,0.7446,1.9351,2.7156,1.4013,1
40.8758,19.4121,148.5044,122.0535,2.4748,5.6875,13.2247,0.5842,0.5980,3.0143,2.6414,2.3995,1
30.2367,21.0804,163.9718,118.5355,4.9628,5.1180,22.8088,0.4132,0.0265,1.9258,2.3934,2.5222,0
38.6899,41.6213,154.6691,125.9623,1.2056,9.6857,23.4839,0.8070,0.1996,0.9191,1.3209,1.7223,1
59.5553,39.4283,142.3741,89.3540,2.6892,6.0874,16.9358,0.1391,0.7958,1.7216,2.8393,1.8095,1
86.0608,20.2056,115.3355,141.8172,6.2194,7.9073,27.4938,0.9172,0.7618,2.2400,2.6735,1.0992,1
50.2129,38.5033,124.0252,122.0354,8.5381,10.4021,14.6091,0.4377,0.8398,1.6639,1.2562,0.1106,1
63.4452,23.2661,125.2266,138.9052,0.4937,3.9005,19.5047,0.9449,0.2611,2.9928,0.5682,0.9531,0
74.6457,30.1792,131.1998,134.5140,2.1480,7.8239,22.1587,0.5755,0.2131,1.2572,0.4395,1.8771,1
75.8178,18.4285,109.0247,133.4370,1.3797,10.3892,24.5353,0.5772,0.8309,0.6981,1.4818,1.8284,1
37.0328,33.2348,112.2935,119.0848,2.5996,3.7804,29.0133,0.0291,0.4076,3.9207,2.3951,2.2191,1
59.5744,20.1998,143.7680,104.3541,6.5676,1.3499,20.2983,0.4116,0.6681,4.0521,1.1874,1.5569,1
89.4908,25.6337,162.8879,119.3234,7.4725,4.3557,16.9898,0.6936,0.7632,4.0530,1.6136,1.5387,1
82.1906,20.6110,110.1643,162.9929,3.2110,11.4186,10.6551,0.2077,0.2076,2.3735,2.5062,1.3984,1
29.2705,30.3334,156.7937,104.4693,2.5897,10.1622,11.8853,0.1010,0.1774,0.0678,1.3254,2.6311,0
57.7449,24.1060,154.7834,182.2474,3.5538,6.9275,13.5774,0.3207,0.4014,2.9310,3.0406,2.1816,1
65.5896,20.0369,117.9426,200.8115,2.1374,5.4754,17.3387,0.9276,0.3838,1.1488,0.3897,0.7009,1
84.0222,22.4665,146.6718,126.4364,8.2920,11.3382,18.3012,0.3928,0.0640,3.8799,1.2106,0.9364,1
83.9367,25.5143,166.5492,151.9504,3.8252,12.2699,30.1208,0.1423,0.7512,0.9553,2.6857,0.0370,1
54.4123,21.4780,104.2376,88.1095,0.8208,2.2229,31.1096,0.6842,0.3747,2.2878,1.2656,1.3409,0
70.9337,22.0068,97.9817,195.2259,6.0273,6.0777,28.0293,0.7252,0.3414,1.4446,1.6827,1.0521,1
40.1527,37.5166,132.5930,93.2714,2.0171,5.8487,23.1985,0.6928,0.1095,0.5738,0.3848,2.1408,0
44.3736,34.3530,113.7850,190.7774,1.2109,5.3974,32.0563,0.2736,0.0337,3.1823,1.2856,2.8487,1
79.1067,28.8083,120.2623,87.9824,3.2815,5.8733,31.0287,0.6985,1.0182,2.9986,2.8635,2.8716,1
37.9539,36.8891,99.7820,148.9004,5.4525,4.9164,28.0363,0.1714,0.9119,2.0228,0.4795,3.0282,1
49.9114,41.0014,154.3565,220.7148,3.4196,5.8100,11.4630,0.1110,0.2867,3.3477,1.2797,0.5948,1
53.5559,22.6261,151.4793,126.8287,6.3904,7.6610,18.6528,0.7458,0.5553,0.5851,0.5559,1.0504,1
70.6528,41.6836,154.6181,92.9169,5.3001,12.0021,9.7596,0.0346,0.7479,0.3677,1.2779,1.6810,1
57.9907,20.1421,104.5989,172.4103,7.2217,7.1894,30.0314,0.2792,0.3241,3.3457,0.7322,1.7369,1
57.9077,30.0477,122.2321,107.4545,3.0785,10.9474,17.9680,0.7257,0.1665,0.9241,2.0863,2.5059,0
47.6074,42.6218,154.3646,117.4044,1.9603,6.4064,30.8421,0.6565,0.2186,1.9292,2.1577,2.0154,1
32.7792,28.1124,155.8940,76.3591,3.8361,5.3518,12.8014,0.4488,0.2302,2.2953,2.6357,1.8708,0
67.7836,33.5615,116.9425,220.4165,6.9353,7.1592,30.3690,0.2276,0.5749,3.8287,1.7902,0.8991,1
56.7414,19.5140,136.3313,92.8190,7.1929,5.5665,8.2496,0.4964,0.7325,2.7227,0.9664,0.6306,1
75.6279,31.4507,98.1572,206.0338,4.5912,9.7626,26.1081,0.2903,0.0417,3.5505,1.9968,1.0842,1
35.6964,39.5232,141.0951,165.1793,0.5281,2.9950,27.1751,0.8332,0.2272,1.2340,2.7740,1.7344,1
58.6131,36.0630,142.6495,93.1027,7.9774,3.0495,17.2518,0.1874,0.8056,1.7968,1.2690,3.0055,1
39.1611,36.9415,118.6075,127.7323,8.1442,6.2649,19.5710,0.3653,0.1129,1.6552,2.4215,0.8069,1
71.2072,32.6423,119.4794,155.6135,2.2608,4.8401,20.5178,0.7747,0.5390,1.5459,1.0138,2.9142,1
31.2280,33.2429,105.0367,154.1951,3.7861,6.0528,32.4243,0.0521,0.2559,0.5491,2.2474,1.9142,0
64.2714,41.9081,98.2438,100.6199,4.7165,4.9602,18.6020,0.0502,0.0993,0.5736,1.2609,1.3923,0
54.1137,24.0791,107.5933,107.0584,3.2242,4.0082,28.5905,0.3947,0.3246,2.6440,2.1929,1.1951,0
81.7355,32.1307,163.3732,170.0012,4.2478,1.3529,18.2545,0.9976,0.2243,3.3891,2.2978,0.7785,1
84.3676,32.5101,136.5045,215.8588,8.5851,2.1006,13.8460,0.7523,0.3466,1.2609,1.5336,1.0998,1
57.8698,34.4628,129.7066,157.0084,5.3062,4.6634,16.2602,0.7845,0.8793,1.2864,0.8394,1.7253,1
80.3491,38.5208,102.2011,159.3260,2.8792,1.6020,13.7671,0.1135,0.9412,0.7720,2.6752,2.3789,1
44.0063,23.3813,152.0048,77.7369,2.8935,8.9785,9.1034,0.2590,0.7054,4.0925,2.7318,2.7981,1
28.9857,21.4301,101.4965,83.7606,7.1500,3.4788,14.2150,0.5796,0.9956,2.8009,2.0613,1.8305,0
88.3183,25.2625,137.0939,130.7132,3.4061,6.3025,9.6124,0.1598,0.6199,3.1872,1.3624,0.6525,1
58.7762,21.7101,99.1448,162.1638,5.0295,5.9178,20.8088,0.3793,0.0743,1.0952,1.8625,2.1368,1
59.2189,36.9019,128.3895,137.9442,5.6655,3.6286,26.0164,0.4016,0.2942,0.2047,2.0063,1.9724,1
70.1360,25.3135,155.7769,129.2155,0.8362,11.0258,21.4442,0.8037,0.2896,0.7191,2.6475,2.5782,1
76.6743,23.7690,148.2549,195.2385,0.7784,1.2092,29.5823,0.3403,1.0236,3.5557,1.5304,3.1058,1
28.3719,27.4235,98.7778,161.9395,4.0275,9.2913,9.4593,0.9283,0.2475,0.9567,0.2899,1.4263,0
41.8827,20.3149,157.8660,87.7383,1.9059,10.5829,18.1896,0.9726,0.9696,1.6539,1.1965,1.7348,1
75.2947,23.3489,162.8593,165.8028,2.7322,10.5473,31.5815,0.6525,0.9494,1.6048,2.4874,1.8429,1
46.7632,36.9730,146.0192,179.0867,6.9882,8.0149,11.0270,0.5751,0.9298,1.3256,0.3156,1.2265,1
40.6216,16.7327,168.4031,206.7052,4.8180,1.6461,17.3602,0.6309,0.2444,3.9223,1.4140,1.6349,1
40.8133,19.3524,133.1025,126.5513,8.7231,11.4227,25.7872,0.3047,0.7043,2.9400,1.7037,2.0087,1
36.0573,28.7431,133.6186,110.9706,5.4657,8.5369,31.3390,0.5326,0.0655,0.1350,2.1340,2.5393,1
67.6216,34.3150,109.2942,136.9341,5.7170,10.2574,24.3000,0.6719,0.4669,0.2858,2.0863,0.6698,1
40.4286,32.8747,165.7300,77.4100,7.8220,10.6005,31.4023,0.2529,0.2828,0.6141,1.8048,0.1689,1
66.6788,26.0355,116.1952,166.6449,3.1600,2.7671,20.1581,0.6844,0.3319,2.9293,2.1287,1.0552,1
49.3490,23.9973,143.3283,172.7878,1.6402,9.7012,19.2156,0.7948,0.3981,2.3688,1.3486,0.7410,1
48.2419,34.2094,163.7598,98.9929,1.9987,6.8971,23.8285,0.1137,0.0403,2.8881,0.5669,2.2615,1
34.0059,31.5835,140.4339,103.8973,5.0427,5.7236,14.4185,0.1311,0.6546,4.0818,0.1170,2.9775,1
42.3579,29.1433,127.7604,94.6003,2.4723,9.2745,25.8917,0.4401,0.5941,3.6223,2.3184,1.6706,1
24.1869,27.7596,134.7942,185.1942,3.8933,11.8502,20.4837,0.3966,0.9154,2.7918,1.4694,0.5160,1
36.4382,18.1773,128.4939,172.5602,4.8365,8.1633,18.8042,0.3275,0.2433,3.9269,2.3079,1.1658,0
58.0927,19.5676,123.7743,119.2548,7.4031,6.1054,20.8298,0.9623,0.2380,1.1785,2.9090,1.3589,1
62.4422,24.7544,157.3405,168.6299,0.9067,11.2677,22.9986,0.9995,0.7075,4.0049,2.4423,1.6874,1
60.9800,27.3169,98.5185,145.3739,8.5472,12.0486,23.6894,0.2922,0.8857,2.5407,2.0461,1.0525,1
33.2165,18.2181,167.2808,118.5965,0.9547,3.2084,12.5590,0.3250,0.7244,1.7807,2.7382,0.1313,0
83.6050,37.3978,143.9455,77.4378,4.0169,7.7989,22.0420,0.3590,0.3202,3.8279,2.7694,0.7605,1
73.8647,23.8899,104.1459,69.0083,8.3979,5.6136,13.0255,0.6293,0.0478,0.0471,1.9592,0.7821,0
77.4991,17.9308,163.2469,101.9330,5.3770,1.5567,18.6107,0.4740,0.5981,0.9014,2.3895,0.1006,0
87.2925,40.9940,164.2819,115.5092,4.9206,5.4158,10.5928,0.6524,0.8216,1.9459,0.3628,0.9645,1
42.1679,32.4968,142.1584,103.3127,0.7942,12.0733,31.7689,0.7570,0.9595,0.5063,0.8592,1.4762,1
46.1195,24.9738,157.1694,133.5494,7.3851,3.2374,23.4098,0.3659,0.8293,3.7109,2.2808,2.9650,1
25.9664,29.2125,129.7848,123.0444,1.8733,5.0328,16.9126,0.7722,0.7503,1.1168,1.2227,1.1320,0
37.7418,37.5654,116.3393,165.7471,3.9867,12.3942,27.2260,0.5806,0.5915,1.8085,2.2317,0.9679,1
52.8572,33.3105,117.0060,168.8137,2.6427,3.8282,18.6872,0.3225,0.5442,1.2310,2.1038,0.9498,0
65.7852,34.4081,126.4674,110.4601,7.7921,6.4376,24.5241,0.6449,0.1118,2.0323,1.1153,0.9796,1
54.5262,17.5156,145.3762,109.7891,2.2222,3.4092,19.7423,0.2723,0.6495,1.9326,2.7446,0.2096,0
37.2974,29.3031,132.8847,118.3801,6.2054,3.6272,19.2485,0.4959,0.9002,2.2074,0.2473,2.1299,1
74.3323,36.6083,134.2625,179.1844,3.6095,11.0297,20.9410,0.3310,0.3904,0.2818,0.9770,2.7586,1
83.8429,19.8027,111.1731,187.4922,2.6827,12.4129,26.2744,0.7210,0.0559,3.7990,0.0432,0.8926,1
39.7477,39.5331,122.6780,147.0289,8.6932,7.0899,26.2574,0.8471,0.0370,0.3131,0.8960,1.8333,1
42.0562,40.1141,145.3647,91.6583,8.3828,7.7875,30.4874,0.4771,0.4100,3.0140,2.4426,2.7140,1
86.6115,25.8690,143.5870,212.8920,1.7341,6.6497,18.8912,0.6163,0.3623,0.4977,1.4626,1.0601,1
26.7839,30.9366,102.2924,170.1171,3.8670,6.1348,18.7287,0.8319,0.3331,1.9551,1.5509,0.9103,0
41.3531,17.1771,109.5379,110.5192,6.8367,7.7700,29.8674,0.2268,0.6533,1.1968,1.3690,3.0507,1
66.8220,41.3898,142.2711,185.7362,2.3784,2.9791,17.4031,0.3804,0.5952,3.5682,1.4916,2.0161,1
36.4596,17.4767,119.0822,187.5360,1.9335,11.3957,28.5983,0.6686,0.3231,1.5634,1.9045,0.8898,1
35.4820,35.0265,111.9955,150.9914,4.3921,3.7846,10.7785,0.8719,0.2923,3.1435,0.8241,2.3880,1
61.2962,39.2096,123.7677,174.7751,6.4261,4.8506,30.7283,0.1187,0.8307,3.2231,0.3883,0.8283,1
37.6994,40.2106,145.2021,124.3771,0.6688,1.6864,28.7307,0.9946,0.4779,0.2340,1.4082,0.5652,0
27.5133,21.9435,144.9495,118.0680,7.5098,1.7706,13.2316,0.0041,0.6032,1.2084,2.8277,0.2727,0
77.5172,35.9615,135.6381,177.4841,7.8489,5.2417,12.5357,0.2785,0.7465,3.3632,2.3711,1.7187,1
74.3115,20.5132,161.6866,205.0439,4.5012,4.9683,29.8703,0.5503,0.0546,0.8730,0.8345,3.0944,1
69.2980,29.7280,102.0161,184.0148,5.1969,2.8114,23.9485,0.0125,0.5200,1.4235,2.2540,0.1798,1
68.6663,41.2969,105.6064,109.5400,6.0997,7.3619,27.0135,0.4270,0.8479,2.4442,1.5158,0.9069,1
27.6815,36.3830,105.2425,135.7038,7.4915,9.0901,8.9706,0.1051,0.7606,0.6721,1.3028,1.3083,1
73.8470,41.3280,144.5117,110.6099,3.1103,8.0054,25.6899,0.0719,0.9189,1.7890,1.3442,2.9274,1
37.7858,37.8758,99.5613,191.7900,5.9426,9.2777,22.6619,0.8746,0.0863,0.4929,1.7412,2.5563,1
43.0991,26.9817,147.1946,212.5967,3.2658,4.5935,24.9002,0.0790,0.8913,2.9559,1.1712,1.6079,1
68.9549,18.8871,105.9238,84.6971,8.2529,6.4935,28.7859,0.2762,0.8576,0.7782,1.2751,1.3006,1
74.7695,20.5592,120.5952,117.4017,0.6423,3.8716,29.2828,0.6814,0.4289,3.4312,1.9503,0.8493,1
44.2963,41.4047,109.6858,211.3383,3.1157,2.9067,12.7320,0.2606,0.7677,1.3428,2.9626,0.2988,0
83.2515,29.2043,126.9059,150.4140,5.9460,6.0039,19.2835,0.5104,0.1547,1.6342,0.9357,0.6919,0
81.3071,22.6021,105.9492,169.6199,4.7339,9.1692,29.6445,0.2540,0.6339,3.3890,1.2458,1.7126,1
57.3031,35.3023,146.8561,137.4729,6.8156,9.0593,15.7107,0.8520,0.6370,0.0544,1.9497,1.4163,1
82.2802,26.2284,152.7656,144.2621,2.1001,2.0541,10.2984,0.8146,0.9330,0.8579,1.0166,2.9866,1
86.0358,19.7692,143.6584,145.7060,4.5098,10.1910,13.0739,0.0753,0.8783,0.5650,1.8338,0.5574,1
31.2592,34.8542,158.8099,177.2962,6.4615,3.9165,11.0162,0.1104,0.1217,0.2443,1.4909,2.2339,0
51.4835,29.9658,160.8132,100.3913,7.3930,8.1638,30.8398,0.8266,0.0257,0.5303,2.3161,1.8458,1
57.0540,28.7389,114.9113,133.2926,5.8648,9.5619,17.8444,0.2162,0.6103,1.3783,1.8415,2.8306,1
38.1557,33.4051,125.3411,172.4987,6.1386,7.4084,25.1722,0.7262,0.9471,1.5209,0.9668,1.5719,1
75.2944,37.8294,138.0757,177.9198,0.6798,3.0813,27.7010,0.5693,0.4529,0.6016,2.9722,0.2712,1
56.9882,35.6535,131.3824,163.0426,2.7457,10.9389,10.1810,0.7299,0.2534,2.3228,0.6743,2.3342,1
40.2067,26.9068,99.8979,79.3134,5.8478,6.4587,13.9800,0.8642,0.1765,3.8767,2.3810,1.3583,0
53.6257,32.0507,168.3477,89.1442,5.5847,3.6228,22.9443,0.4783,0.9821,0.5794,2.8314,2.7268,1
79.2881,33.7283,164.2360,91.8295,2.2766,4.7079,20.9067,0.5447,0.2441,2.2332,0.2881,2.0386,1
57.0903,20.6360,138.9299,185.3649,5.2652,11.8060,31.0277,0.0788,0.6211,0.5782,2.4080,1.0537,1
27.3054,38.8220,139.8238,164.5043,4.4277,3.2092,24.0139,0.2048,0.7433,2.9270,0.7922,1.6034,1
62.6698,20.5986,126.5441,127.2728,6.3141,6.8796,32.8430,0.1951,0.7545,2.0950,0.5711,3.0298,1
32.3641,39.4170,101.1156,207.0902,4.6488,5.0711,13.6030,0.1617,0.7942,2.5782,2.6729,2.7007,1
50.3538,39.2932,100.9945,122.7847,4.3895,6.8910,21.1878,0.3046,0.8439,0.9068,0.3555,1.3451,1
41.6800,27.2743,156.5190,210.7144,4.9859,10.4786,19.2006,0.7730,0.6514,2.6482,2.8436,1.8860,1
76.2863,28.3519,166.5758,195.7077,1.7395,4.4428,19.7562,0.3278,0.7663,0.2874,2.8065,1.4224,1
37.6542,18.1992,119.7922,174.7907,5.5363,9.3523,22.4367,0.4444,0.7735,1.6642,1.8724,2.7534,1
62.0287,32.9797,115.2168,178.2347,1.8024,7.9728,23.9564,0.2448,0.0655,2.8139,1.4082,1.0552,1
57.2453,41.7385,133.6419,91.3463,4.8591,5.3345,13.7907,0.5852,0.6868,1.7978,2.1598,1.2384,1
52.2153,21.3612,150.0757,155.3511,7.0054,2.3041,18.0607,0.5705,0.8970,0.6024,1.3665,0.3885,1
37.0651,26.5883,110.3670,152.6340,6.4288,5.9773,32.1472,0.7271,0.8382,0.7832,1.0137,2.1460,1
60.4436,40.5828,122.9682,110.1748,3.2233,9.2622,28.0639,0.7041,0.9272,0.4650,1.8670,1.7532,1
38.9669,31.5475,152.4488,135.8055,6.1022,9.5063,13.6364,0.6097,0.2986,2.8379,0.7654,0.9924,1
76.7273,21.9612,127.8666,149.2414,3.0450,8.3835,22.7765,0.8594,0.7598,3.8242,1.3054,1.3841,1
69.5025,18.9736,107.1898,199.0861,3.2308,11.4244,11.8518,0.0982,0.9407,1.6732,1.4929,1.4556,1
25.9909,30.2433,124.6505,158.0052,3.8906,7.6437,30.5846,0.0806,0.5921,2.6336,2.8405,2.8332,1
76.9010,23.5138,136.4786,116.3743,1.3198,10.9247,16.0587,0.3655,0.9757,3.2507,2.1995,1.5908,1
39.6855,42.0637,122.4092,172.9052,3.0590,11.0069,11.0267,0.3689,0.8284,1.5801,2.6384,1.8189,1
86.0369,33.5788,147.7091,111.3268,3.7778,6.4887,10.4256,0.1540,0.3597,1.2137,1.5805,1.8604,1
71.5704,39.8389,121.4063,145.0155,5.4412,4.5652,20.2337,0.3320,0.2649,1.5535,2.6233,0.3088,1
76.0053,34.7576,148.4999,203.1370,6.7361,10.0691,11.3396,0.5956,0.9594,2.6933,2.3194,0.3092,1
28.5743,32.1930,160.6131,200.0561,8.4531,4.9574,17.1761,0.7098,0.7518,1.2132,0.4363,0.5137,1
76.8730,39.7508,155.0910,213.3481,0.6560,6.2861,10.1924,0.6261,0.9772,0.0940,0.7872,2.5053,1
81.7032,23.9563,118.9085,129.6851,8.0067,8.4033,19.2970,0.5605,0.8419,1.0763,0.7446,1.5300,1
33.7029,16.9727,97.7034,90.2422,3.7984,9.1528,11.7193,0.7176,0.4341,2.2978,2.9494,0.7919,0
79.6424,23.1208,143.6126,161.0851,5.1156,3.3578,26.9831,0.0293,0.8164,3.2070,0.4609,2.8533,1
43.6994,20.3726,151.9188,155.5318,8.2294,5.2527,20.3166,0.8353,0.2734,1.9291,1.0460,0.9980,1
53.2319,19.4799,103.7629,108.0697,6.6487,10.5510,17.7415,0.2466,0.1702,0.3497,0.3215,0.9707,0
35.5625,40.2856,133.9312,100.0681,3.6156,8.3286,16.0443,0.5390,0.5278,2.1534,0.8114,1.1243,1
30.4084,40.9130,122.9561,172.5573,0.6961,5.6462,22.7085,0.7966,0.6437,2.1453,0.2307,1.5376,1
79.6902,36.8419,128.7934,119.7191,2.3060,1.4038,25.7860,0.3937,0.5255,2.8435,1.3731,2.0427,1
34.0599,34.5944,101.1295,191.4474,6.9796,10.1943,11.0640,0.2325,0.5101,4.0384,1.4472,2.2911,1
47.9716,25.4394,167.1295,142.3608,4.9351,6.0862,26.0338,0.4119,0.3633,0.2999,1.7680,0.9212,1
34.9433,30.7218,131.9126,196.7907,3.3873,4.5717,11.4721,0.0649,0.1537,1.4883,2.8452,1.1441,0
66.3014,33.3098,119.2071,160.6076,1.3844,1.8176,24.4177,0.3166,0.9594,0.8499,1.5032,2.5973,1
44.0693,22.8491,159.6655,202.7786,5.9014,9.2842,19.3660,0.5983,0.5111,1.4652,1.7974,1.9058,1
81.6468,23.2437,140.0243,181.7401,4.7582,5.5126,32.1372,0.3012,0.7315,1.7608,0.0416,0.7579,1
45.1615,38.4419,138.1204,96.9913,1.6826,10.2930,30.5188,0.6898,0.1649,1.7508,2.6440,0.4640,1
27.0823,20.5289,145.4156,132.3920,2.2723,5.2945,32.2915,0.0973,0.1149,0.6150,2.3212,3.1048,0
86.1926,26.7800,107.3041,211.4247,6.6758,6.0846,18.2460,0.5130,0.1099,1.4360,2.7315,0.1700,1
56.0621,22.8899,128.8442,76.4706,2.9881,10.8006,14.8445,0.5759,0.5413,2.5573,0.5008,0.7990,0
67.9707,21.2082,115.6824,176.5274,7.5083,5.7950,14.7035,0.7783,0.6844,0.5412,0.1842,2.5765,1
51.7494,25.0585,145.6895,185.6519,8.1673,11.3289,24.6307,0.0987,0.1913,3.9142,2.2401,2.1740,1
61.0345,29.5127,139.9610,165.6149,3.7359,8.3514,19.2710,0.7812,0.2656,2.6872,1.2480,0.2506,1
52.2636,38.3713,135.1366,84.8947,3.0006,7.0124,17.0947,0.0828,0.6656,3.2072,0.3208,2.7023,0
52.7627,42.4304,129.2588,190.5011,3.1166,11.7202,26.2989,0.0703,0.0287,2.0448,0.7449,2.3376,1
80.7132,23.7532,123.2485,138.7902,3.2648,3.8698,29.4255,0.6258,0.6825,3.6330,1.9272,2.3391,1
50.4821,27.4958,162.5431,187.9220,5.8689,2.1648,28.8552,0.1032,0.8464,0.3760,1.1769,2.5979,1
31.9401,30.9895,106.6475,209.4754,2.9288,5.7409,19.2923,0.6901,0.9881,3.2516,0.7817,0.9966,1
32.7700,20.4708,125.3385,85.2268,3.6067,12.1721,16.4719,0.5659,0.0767,0.8081,0.4117,2.3598,0
38.2716,22.1965,149.3129,72.1954,7.2193,12.0873,15.3713,0.6666,0.4204,3.8591,2.9262,0.5143,1
60.0373,26.2975,138.2559,212.6770,8.2961,10.7135,13.6694,0.6235,0.8233,3.2560,2.2770,2.3604,1
89.6060,21.8301,132.5202,169.9699,5.8807,9.4076,32.0257,0.8879,0.9871,2.1247,2.3829,2.2274,1
74.0204,35.4033,146.4766,91.5239,7.4404,4.1466,16.2885,0.2342,0.6062,1.8221,1.5521,1.1652,1
43.4937,31.9865,110.6426,138.8825,5.3920,10.1267,20.8458,0.2825,0.1657,3.1511,2.2907,0.5152,1
37.1281,33.2084,153.0092,186.0165,4.2622,3.6111,19.5330,0.7321,0.1566,1.0305,0.3200,0.6681,0
26.3881,40.8457,144.6079,118.6168,4.8024,2.9152,18.2473,0.0116,0.5749,0.9959,1.8575,0.1516,0
36.3200,23.8718,115.6553,74.6993,7.4655,8.1440,25.6023,0.7202,0.0616,3.3264,2.4574,1.6780,1
34.9868,26.4633,117.8949,101.4319,7.1120,4.9559,31.8928,0.7329,0.5436,2.7821,2.2936,1.3516,1
54.9438,28.1584,134.1932,120.9171,1.3437,2.9705,16.0265,0.0003,0.2834,2.1131,0.7628,2.3624,0
77.3620,35.7831,100.0245,187.2510,1.2232,11.8539,33.4200,0.0550,0.1464,3.9229,0.7992,1.7018,1
73.3556,26.3441,157.5393,185.1961,6.4503,4.1222,14.2331,0.5927,0.9074,3.3930,1.8036,0.6272,1
78.8090,38.4476,135.9570,152.7080,6.9730,6.7884,9.6492,0.6943,0.5327,0.4489,0.4738,0.1312,1
31.2733,31.7738,148.9842,204.5757,7.0886,11.9407,17.7593,0.3782,0.8405,2.2073,1.7959,2.3719,1
31.6624,36.5764,156.2224,197.4889,4.1131,12.1837,12.3840,0.0874,0.6775,3.6849,1.2085,0.2728,1
28.8000,23.7638,97.9230,161.6499,3.6370,5.6119,19.1482,0.5072,0.7748,1.3529,1.7620,1.9684,0
67.2667,33.0967,141.8363,192.4436,7.0236,2.8660,8.8395,0.6962,0.3847,0.3396,1.3575,2.3631,1
81.1693,31.5686,139.4317,109.3875,7.3685,8.6643,24.6542,0.9989,0.4729,0.2114,0.3077,0.3430,1
36.4421,21.3379,121.1597,135.7805,6.8048,11.4770,8.0669,0.4710,0.9054,2.6246,2.2941,2.6023,1
52.7643,33.0556,162.2727,173.9802,4.5019,4.5395,20.8934,0.9548,0.8829,1.2123,2.5872,0.4796,1
49.4002,25.3188,142.8591,131.1904,3.6119,10.7738,23.3509,0.8781,0.3149,2.9462,0.8902,0.3118,1
73.9022,39.2826,143.0536,190.5893,7.5464,5.1161,28.4070,0.1005,0.2788,3.7300,1.2545,0.9897,1
55.4636,25.4706,159.0815,206.9197,1.8201,10.8063,31.6671,0.7792,0.1463,3.6705,0.6373,2.1177,1
59.8543,27.2603,138.9440,92.3058,4.4767,4.3206,11.3663,0.4654,0.1720,3.9428,1.2089,2.1317,1
78.5032,21.3387,118.2907,75.9803,8.3686,11.0944,26.9202,0.9658,0.8576,0.2443,2.7649,2.8707,1
28.2999,26.5465,128.9992,136.2438,3.9301,3.3141,24.7893,0.3943,0.8099,3.9597,1.6079,0.3936,1
40.7922,18.3443,107.5135,110.7017,2.0061,7.0331,32.1880,0.6636,0.2752,2.3253,1.9220,2.9129,0
65.8996,41.4794,129.1261,207.1604,3.3424,4.3802,19.4165,0.3126,0.8970,0.0893,0.9588,1.4035,1
40.0058,33.6739,101.1723,189.8937,2.4979,9.9552,24.6966,0.5252,0.9766,1.5944,1.8883,0.4904,1
56.0941,31.1041,112.2585,153.3773,6.3895,2.8207,29.8557,0.2258,0.9710,2.7108,0.7583,0.2605,1
47.7884,42.4263,107.0404,178.7149,1.0974,8.7352,26.2260,0.9839,1.0049,0.3975,2.6299,1.5796,1
62.8645,20.0980,143.5176,136.6144,5.1768,3.3739,32.0386,0.9513,0.5113,3.2326,1.5273,1.6903,1
58.0013,35.5357,114.5547,124.0685,2.6006,11.6005,32.6654,0.2752,0.5331,1.5375,1.0615,1.9126,1
77.0571,40.5461,114.9991,125.6868,1.2609,10.4338,17.1429,0.9183,0.3076,2.7497,0.1971,2.2310,1
34.2395,33.0661,156.7106,128.7503,3.5160,11.1987,15.8715,0.4424,0.0898,1.2759,1.0202,1.9472,0
48.9753,19.4552,148.3370,113.7090,6.8982,11.3807,31.1078,0.3836,0.0278,0.7411,0.5058,0.7639,1
62.1324,20.0398,165.5647,157.8820,4.9469,3.8167,24.7556,0.8867,0.7899,1.9978,2.6612,2.4588,1
55.3003,35.5193,152.0350,118.6244,4.9184,11.5458,11.9192,0.4085,0.1897,3.8031,1.7602,2.5317,1
54.7813,38.3070,166.1085,98.1105,5.2206,7.8619,14.3088,0.2689,0.3883,3.3978,2.8983,1.5665,1
72.6212,38.8053,131.7317,214.1830,7.0313,4.3701,20.2303,0.7181,0.1276,1.4087,0.7227,1.4342,1
38.8220,34.9076,166.1717,196.1182,2.5979,2.7180,11.9116,0.5762,0.4032,3.1852,2.4250,1.4741,1
64.7354,21.5639,120.4798,200.4462,3.6230,3.9623,32.8792,0.4514,0.9179,1.9710,1.2458,0.6935,1
31.0067,20.3706,163.5430,104.6883,5.9358,10.6677,18.0138,0.0294,0.6852,2.6036,2.0455,2.6146,1
31.5283,32.2405,103.2771,96.8020,4.2949,12.1925,20.0331,0.2985,0.6442,3.5230,2.1247,2.4197,1
34.0333,17.5755,161.0574,186.4406,8.4792,6.7280,24.6524,0.4272,0.9689,3.8747,1.2458,0.5590,1
35.1142,17.8282,141.7997,192.9065,7.4285,2.5316,23.2058,0.1810,0.6019,3.6067,1.5267,1.9198,1
27.0559,24.3249,104.3403,140.5381,2.9869,5.8511,8.9107,0.4466,0.6687,1.3744,1.5961,1.9958,0
78.3979,39.0484,101.5954,87.3246,5.8272,2.9111,13.2741,0.6468,0.6970,3.5631,1.6324,2.9964,1
47.9976,33.3080,100.7504,203.4205,3.7582,11.2835,14.5694,0.3087,0.5230,3.3920,2.3968,1.2518,1
50.9280,17.8183,116.7213,215.4398,1.4314,12.3293,32.2619,0.3638,0.1319,3.5167,0.0078,1.8485,1
55.7189,31.3164,98.8808,117.8088,6.2770,8.2348,20.5059,0.1520,0.3816,0.3996,0.4513,0.6574,0
76.7435,39.7391,158.9977,110.9215,2.8879,10.1538,18.2682,0.9327,0.1376,0.9011,1.9126,0.3087,1
81.6363,26.5179,98.9895,114.4504,5.0209,7.2183,14.6371,0.6028,0.4070,2.1813,1.9610,1.7942,1
56.6394,18.5789,131.2184,86.2743,5.9001,7.5544,10.4515,0.9620,0.3912,3.0241,1.6916,1.7854,1
47.7692,42.1611,163.6481,89.4990,0.8860,2.9184,25.6306,0.5658,0.1685,1.2435,1.6046,2.2718,0
74.0590,39.8174,154.5215,106.7284,2.3194,5.4016,19.1595,0.5903,0.1190,2.9852,1.3249,0.2820,1
84.7393,17.8780,112.2026,150.4660,5.7595,9.0604,15.0399,0.3586,0.0659,0.4763,1.3459,1.6327,0
71.4030,20.5697,165.3695,139.1957,1.1304,8.4244,25.3882,0.4084,0.4769,3.1727,1.5498,0.0852,1
67.3406,29.9612,101.9898,177.0587,1.5402,8.9204,11.2430,0.1863,0.7928,0.6779,0.6658,2.9013,1
29.4565,34.0439,144.0688,211.3358,5.1850,11.7716,28.2409,0.0533,0.3527,2.4189,2.7005,1.4549,1
59.1969,23.5721,136.7989,188.8957,3.2947,10.8963,16.0458,0.1987,0.7329,3.3723,0.1901,1.9020,1
39.2159,22.7779,119.2633,129.5748,4.8187,11.8962,27.6959,0.9067,0.6278,1.4509,2.7349,0.7206,1
45.9363,36.4556,164.8948,135.0129,7.4868,11.5203,32.0404,0.1429,0.4994,3.4365,2.1995,1.3476,1
82.9168,39.2846,151.9647,160.1963,4.9265,11.0660,22.1903,0.3703,0.8917,1.6592,0.5577,1.2377,1
86.1776,30.5706,164.9006,130.7927,4.4851,1.3964,28.4432,0.2935,0.1997,3.0524,2.1450,1.7504,1
33.5907,31.9939,145.5678,121.5739,8.1416,7.0407,9.7396,0.3856,0.3112,2.2835,2.2065,2.1891,1
43.0119,33.0575,141.7898,118.3819,6.1471,10.8447,30.2437,0.9098,0.7884,3.8960,2.1023,2.2494,1
43.6295,17.5248,116.0027,216.9350,8.5009,9.6417,17.4762,0.3308,0.0309,1.9162,0.3732,2.5076,1
64.7925,42.7144,124.5806,144.0066,4.7733,2.2016,22.2395,0.9173,1.0260,2.4877,0.6802,0.0505,1
72.3937,32.1451,134.1703,121.6658,3.4765,1.2802,13.5144,0.4472,0.4902,3.9151,2.7872,1.5661,1
33.1997,20.5146,133.3771,175.7901,3.5771,2.7373,32.5995,0.2620,0.4873,1.5045,1.5741,2.2125,1
50.7559,41.4955,146.3038,131.9665,2.1662,9.8394,30.4481,0.4379,0.0475,2.4158,1.5951,2.9212,1
31.2170,28.7121,106.5807,121.3573,1.3891,4.7311,31.2710,0.8240,0.6735,1.9615,1.8815,0.8895,1
85.0175,21.7795,137.1880,151.5207,1.9813,9.4778,8.6748,0.9765,0.2441,1.2412,2.4552,2.7210,1
49.0777,34.7789,152.5924,202.6115,1.6619,12.5923,22.9879,0.4324,0.4838,1.2828,0.6417,2.6431,1
63.5223,27.7633,154.2868,136.9256,3.9984,1.9539,27.8417,0.7572,0.7640,3.1955,2.9282,2.1815,1
68.2815,22.0900,135.8768,208.5345,7.3687,7.5854,20.1209,0.6728,0.1144,0.8251,1.7576,1.8586,1
34.3448,17.3171,133.7645,191.8441,4.0616,7.2681,24.6319,0.1757,0.1823,1.8193,2.4386,2.4544,1
50.9925,38.9899,156.8923,128.6338,1.4703,11.5269,15.2646,0.1403,0.7922,3.2695,1.9364,1.5977,1
54.0167,29.2595,109.3869,173.4174,6.0315,6.0873,15.7173,0.8455,0.6353,1.8900,1.8331,1.1882,1
85.1352,29.9721,108.3761,76.7314,1.7347,8.7035,16.0905,0.5884,0.7039,2.3742,2.0286,2.2455,1
25.8789,18.8181,127.3924,90.7565,5.7800,8.3599,9.1760,0.1086,0.1176,0.2678,2.2725,0.1418,0
49.0462,41.8855,147.5669,143.6743,5.2173,11.5428,29.0754,0.8733,0.6599,1.1674,2.3323,0.3081,1
77.4879,28.2909,124.7368,192.6435,4.2257,4.5377,15.2206,0.6740,0.3082,2.3024,0.2302,2.9529,1
83.7926,24.2924,120.8236,155.6033,4.9732,8.5361,20.9905,0.3653,0.7319,1.4108,0.5966,2.3455,1
56.7211,40.8805,143.3816,79.6493,8.1473,3.4573,22.8859,0.4163,0.4795,1.5649,1.1863,1.7348,1
66.1304,18.6896,155.9072,207.3426,3.9374,2.2526,14.8547,0.2188,0.9319,0.2236,2.4783,1.2513,1
50.6590,33.9402,100.1028,146.0907,3.6722,7.4733,11.2398,0.0891,0.9608,2.4592,0.1965,0.9993,0
85.6391,34.1269,108.6332,153.2210,7.5780,5.3960,10.8502,0.2438,0.4849,3.4609,1.8957,1.1308,1
87.8109,27.3022,155.2344,203.4974,3.6724,8.4214,16.0030,0.3092,0.8718,1.9279,0.7186,1.1975,1
70.2241,23.2724,98.4859,167.2773,4.2117,3.9420,25.3778,0.7392,0.3910,0.1990,1.7316,0.4888,0
71.5104,31.4738,156.2559,139.4162,5.0975,10.0898,32.9144,0.5353,0.0748,0.2763,2.1404,1.4192,1
64.6337,31.0916,143.9491,160.8290,2.1733,10.0622,30.1249,0.2955,0.8900,2.5296,1.6773,1.9459,1
37.3367,23.5711,148.8101,164.6934,7.3310,5.5104,20.9535,0.0590,0.0661,2.8646,2.7331,1.0932,1
57.7681,41.5507,147.0822,204.9425,8.0040,10.2742,31.5595,0.1110,0.8715,3.4357,1.3856,0.5860,1
75.8401,21.8994,165.4473,132.1451,3.7336,6.7588,29.1202,0.4452,0.2735,0.2754,0.5454,2.1241,1
74.1331,25.1028,154.2701,202.6004,5.4256,8.6341,8.3121,0.6412,0.6349,1.8047,0.1889,1.3734,1
31.6611,29.2813,143.0844,206.4155,4.6375,5.9525,10.2340,0.9044,0.4041,3.7462,0.9573,2.9913,1
82.1729,38.6483,118.4593,101.7181,2.7541,11.9663,11.8284,0.8380,0.8182,3.8513,2.5089,3.1051,1
30.9412,37.8542,102.4379,184.2075,0.8283,8.7818,27.3611,0.3573,0.1713,3.3460,1.4371,3.0007,1
55.9528,29.3290,151.3304,202.3978,6.4666,7.0146,28.5368,0.0134,0.1608,1.9213,2.9426,1.8152,1
35.4972,35.3130,99.5394,96.0870,8.0564,2.5761,20.9773,0.2705,0.3617,4.0365,2.8909,1.5260,1
67.5146,36.9724,147.6123,118.3904,8.2499,4.8034,17.8839,0.6884,0.4859,1.1118,0.3777,0.9380,1
80.6846,25.7667,151.4026,165.9534,1.2550,9.1953,14.8651,0.3900,0.5760,1.0591,2.7919,2.3898,1
53.8539,32.1932,99.4428,170.2378,0.7752,11.2310,8.7562,0.4973,0.2659,1.5319,0.5214,1.9459,0
70.8875,16.2390,134.9125,150.5756,4.5581,10.7361,30.1084,0.7721,0.4968,3.1908,1.8804,1.6050,1
81.9857,24.0865,133.5912,150.2340,0.6605,11.4176,26.6096,0.0508,0.8788,3.0076,0.5507,2.2520,1
88.1717,30.5585,111.2003,119.6347,2.5853,12.1242,13.2604,0.8518,0.0881,0.2832,2.9390,1.7755,1
56.1019,22.1299,120.2370,94.7990,7.8062,5.3568,24.3753,0.2973,0.6600,2.3057,1.5829,0.5715,1
58.1777,17.1891,115.9130,141.7499,2.4372,5.0789,21.4083,0.6390,0.6582,2.8118,2.8902,1.0032,1
63.4204,30.9897,136.6592,150.9768,4.2114,11.5086,17.9796,0.0416,0.4364,2.3319,1.1912,1.3487,1
41.0451,23.4730,117.5316,195.2975,0.6170,3.4943,9.1565,0.4877,0.8522,1.4080,2.3069,1.3141,0
65.6570,33.5677,100.1415,136.8114,1.6523,2.7783,12.7479,0.7752,0.0365,2.9748,0.5984,2.1716,0
71.2230,34.1400,162.0865,122.4291,0.7690,6.2250,17.2520,0.2802,0.5097,3.4361,1.7682,1.9332,1
50.2194,35.5565,132.9868,174.5495,2.6371,4.5184,18.8598,0.0028,0.4901,2.5007,1.1499,2.0905,0
61.8166,21.7506,138.8169,181.0899,3.9452,4.3827,19.6221,0.2189,0.5586,0.7769,0.9641,0.6490,0
83.3654,39.7712,124.4561,212.7499,4.7395,9.5500,14.0888,0.4005,0.7674,1.8376,2.2283,0.5791,1
40.9863,23.7500,126.5592,184.7263,6.6068,9.3366,16.2068,0.6480,0.2976,2.8732,1.9461,0.3505,1
58.4133,20.8735,145.0605,163.5915,3.3208,3.9719,13.4081,0.9129,0.5820,2.3524,2.3935,2.3017,1
26.9454,35.5279,114.6075,89.4789,7.2738,8.2229,23.5337,0.6702,0.6276,3.4013,0.7218,0.5428,1
68.2426,16.9163,137.3368,207.4133,0.9598,9.4136,31.8933,0.2972,0.4967,4.0005,0.2169,0.2683,1
70.8321,34.9983,144.9520,88.4852,5.3240,11.6369,22.1361,0.0453,0.5454,2.6187,0.8325,2.2917,1
37.4234,22.5588,164.5884,163.0128,3.3870,8.4920,11.4604,0.5103,0.1713,1.2697,0.9454,1.2512,0
45.0116,28.2255,116.1435,173.8076,1.0287,5.9488,17.1445,0.0341,0.0260,3.5276,0.1766,1.8478,0
73.6149,38.8717,138.2231,205.9497,2.1125,2.9834,26.9323,0.3295,0.9195,0.3846,2.7860,0.4857,1
80.7759,27.2829,100.5528,92.7340,1.8582,3.9877,16.2473,0.7048,0.4311,3.2457,1.4044,0.5806,0
29.4436,22.6647,159.8106,149.9657,1.3007,1.9606,14.1382,0.7665,0.6124,1.6015,2.2785,0.8788,1
29.4666,33.2091,106.1273,203.3507,7.7778,5.9312,31.8288,0.8217,0.9060,3.2244,2.9594,1.3831,1
35.4788,31.1003,151.3760,80.7033,1.5945,9.3878,30.6744,0.4220,0.5163,1.6596,0.5198,2.2667,0
29.5992,29.6117,160.2889,158.6192,6.6366,11.5573,31.9035,0.7068,0.5948,2.5813,1.1493,2.8914,1
40.8300,19.9025,106.2369,170.5976,0.5441,8.4579,13.9229,0.9230,0.2497,0.7689,2.3585,0.6042,0
39.3379,38.2151,107.3444,176.4911,5.4331,5.2136,21.8240,0.6453,0.9201,3.3524,1.0439,1.9965,1
35.8481,42.8482,99.2870,143.8235,6.4566,10.2226,29.6955,0.1865,0.7187,3.7111,1.4841,1.1538,1
42.2504,33.0572,101.4937,216.0640,2.3936,6.3000,23.6855,0.6891,0.9135,3.2497,1.2019,0.7921,1
27.1450,37.3226,116.3888,147.2273,8.0588,5.8560,24.1915,0.8868,0.6351,3.7994,0.5001,1.6826,1
34.2486,40.8715,102.0781,147.2439,6.0216,5.3037,26.0026,0.3439,0.6435,2.8728,1.6304,1.2302,1
43.3837,21.3279,114.8723,123.4870,6.8822,10.4473,14.1494,0.3948,0.8534,3.1267,0.9713,2.6261,1
34.0833,28.1865,150.3793,161.7141,1.0578,2.3348,24.7233,0.6568,0.7510,0.6016,2.7599,2.1701,1
59.9074,25.9578,112.3893,123.7077,3.2471,8.4197,24.0762,0.2549,0.1858,0.7628,1.1559,2.2949,0
74.5779,19.8725,100.8429,215.0803,7.8782,4.2869,20.0462,0.5473,0.4366,3.8027,2.2983,1.0401,1
52.9102,36.9855,114.2719,173.2546,5.4425,7.8030,25.0056,0.4731,0.1287,0.8509,2.4455,2.1754,1
54.4070,18.0523,128.5275,209.1888,1.7131,9.8590,23.5795,0.6475,1.0050,2.2783,0.9268,0.8699,1
49.6285,27.8561,124.7380,104.6758,1.4557,9.5690,30.8725,0.6841,0.3179,1.8409,0.8182,2.0637,1
30.1020,32.2764,163.2819,119.3539,5.7231,4.7940,10.9623,0.8542,0.6927,0.6963,2.1152,2.3477,1
47.5857,33.3332,124.8808,169.5721,6.8379,10.6427,10.4682,0.5840,0.1476,0.4141,1.4972,1.6581,1
83.6100,25.2830,161.6615,150.7558,6.8921,10.6869,26.0732,0.7342,0.9603,3.6786,1.2151,1.9857,1
61.5055,35.0410,114.6924,101.4139,5.7102,10.6564,31.8315,0.6036,0.4490,4.0799,0.7276,2.6266,1
25.9473,24.2130,146.1965,218.9174,6.9271,8.7430,10.8627,0.4790,0.8004,2.8843,1.7388,0.0746,1
68.2732,35.1244,149.4757,144.9172,6.6638,5.9789,17.6271,0.5694,0.1029,1.6443,1.2339,1.7734,1
63.7872,23.2924,141.1001,151.0073,0.8873,5.7614,8.9715,0.8522,0.1779,2.3980,0.9620,1.5197,0
37.8325,17.6190,101.7277,76.0664,4.5593,3.7431,27.3140,0.2900,0.8268,1.3693,0.1624,2.8778,0
38.3441,37.7242,131.4159,89.9221,5.7793,1.4564,28.6206,0.3233,0.1143,2.8433,0.7235,1.0481,1
82.3255,40.5457,155.0111,204.0568,2.4527,9.7861,22.0254,0.3166,0.8132,0.1304,2.9254,2.7110,1
73.0697,27.5034,163.0297,110.0695,2.5942,4.8285,23.2675,0.8931,0.6262,0.4603,1.9294,3.0447,1
47.9920,21.7032,145.8854,135.7697,0.6075,5.4361,10.8798,0.7288,0.6675,3.9922,0.7855,0.5746,0
41.1783,29.9134,104.2825,210.3563,1.3066,10.1120,23.5308,0.2657,0.4691,2.7055,2.3439,0.7307,1
59.0839,36.0726,114.7393,168.2405,3.3494,10.8604,15.8246,0.0190,0.4837,2.2319,0.5416,1.2006,1
24.6368,30.6316,149.6370,144.3274,2.6697,7.3156,18.4302,0.1403,0.6055,3.3812,2.4108,1.8755,1
67.0222,36.3949,98.7812,190.3406,6.0672,6.5443,32.6848,0.8911,0.2877,0.0969,0.4664,0.7711,1
60.1489,17.0916,124.9909,101.5490,0.8401,2.3238,19.8103,0.8729,0.0353,0.2011,3.0124,2.5436,0
88.9139,33.8065,166.1273,181.4395,4.5140,10.7030,10.6516,0.9920,0.9930,1.8907,2.8572,2.5231,1
43.0609,18.0859,120.8277,214.4427,0.9353,11.6191,21.9834,0.3247,0.2478,0.8356,2.3666,3.1383,0
84.0012,24.8153,136.9854,120.6323,4.1408,7.0607,33.1786,0.4666,0.4048,0.0832,0.3397,1.2777,1
52.9847,30.7253,106.0151,104.3597,5.6677,10.0208,31.3029,0.8816,0.2159,2.3666,2.7007,0.2609,1
67.7679,27.0824,138.5799,195.6289,5.8992,4.7086,9.1485,0.9632,0.7058,0.3061,2.6956,2.6378,1
28.2753,17.3920,133.4930,195.6337,5.8482,12.4282,25.8097,0.1122,0.8086,3.7441,1.3404,1.3390,1
51.8759,19.7368,113.0617,165.1543,0.7679,10.8093,24.9886,0.5856,0.6990,0.6821,1.8091,1.3655,1
60.6664,36.7995,104.9695,110.6704,2.1888,6.6353,11.9499,0.8453,0.4193,1.5963,1.2433,1.0769,0
87.5709,37.2899,136.4382,105.8836,3.8762,11.2933,18.5075,0.3530,0.5157,2.2684,2.7474,0.2222,1
68.4650,28.4764,121.6792,201.9763,5.6195,4.9161,10.1804,0.4517,0.0164,1.2623,2.3470,2.0273,1
30.8525,34.2118,150.0287,121.6262,3.2342,1.5647,12.1045,0.9667,0.4421,2.9188,0.8204,0.5960,0
31.5148,39.5917,138.6585,153.4369,6.9106,1.4361,29.4011,0.0213,0.7911,2.0414,2.6072,2.7849,1
84.6904,39.8552,108.1811,163.7111,5.2587,8.7987,18.8273,0.9446,0.2896,1.3816,0.9302,1.2883,1
35.5056,16.6938,118.1460,78.1249,3.9469,2.4133,17.6309,0.1362,0.8146,0.9680,1.5588,1.6730,0
77.3876,40.4083,105.9510,177.7069,1.4193,8.3400,26.4057,0.7262,0.4401,3.9958,0.8730,0.7820,1
84.8054,20.4111,119.5873,131.8839,6.5549,5.2286,28.4346,0.9245,0.4996,1.8517,2.7747,0.3740,1
35.5384,23.9694,100.2620,210.2219,8.2537,11.3945,25.1929,0.3162,0.5674,1.2863,1.5184,2.4878,1
39.1549,23.1228,134.5713,123.8910,6.6514,8.8122,24.0483,0.9440,0.1928,1.0354,1.6843,2.2184,1
61.7070,18.1030,116.1194,78.6256,0.8363,4.4169,19.9483,0.0288,0.4963,1.5261,1.6200,1.6666,0
79.6591,37.8490,140.9874,77.1919,4.6713,10.7733,28.3553,0.6302,0.5963,2.6534,3.0865,2.7146,1
81.9017,40.2537,121.6997,195.2610,3.5408,9.3109,23.2064,0.7471,0.9427,4.0728,0.8161,1.4784,1
30.6642,41.8468,151.2046,112.0518,1.3907,7.0461,32.2618,0.8777,0.4486,0.6272,0.6134,0.5522,1
54.3399,36.6691,107.2247,154.4667,3.1543,8.9036,24.1987,0.3635,0.1277,0.2930,0.7882,0.3715,0
52.6947,38.1987,119.8646,116.2168,1.5539,2.8197,30.4493,0.4149,0.2564,1.1040,2.3070,1.3678,0
68.2764,25.0959,113.1111,134.0222,6.7430,7.5940,24.8261,0.7461,0.5565,1.0086,3.0151,1.4746,1
47.3523,17.4771,156.6453,108.2899,4.7680,12.3421,32.8104,0.3338,0.1727,3.8364,0.4273,2.9951,1
29.4704,35.7558,105.4966,89.9465,7.1939,9.3730,22.7038,0.9385,0.0543,3.1414,2.8468,1.2125,1
60.2719,29.4033,132.2481,167.7355,4.2866,4.1965,32.4567,0.5111,0.1478,3.2038,1.7259,1.2206,1
42.2500,35.4888,146.1642,124.3752,6.8286,4.2083,14.8553,0.2720,0.4719,0.1947,2.4445,2.5192,1
44.8675,36.9579,124.7464,156.4888,2.1658,4.9601,9.0046,0.2162,0.0777,0.7729,0.6488,0.8478,0
51.6530,24.3056,136.9108,102.0873,8.4724,7.2767,18.1001,0.0214,0.1924,1.5154,1.6730,2.5914,1
32.4220,24.4938,165.5298,110.7532,4.4571,7.6721,13.6397,0.2357,0.2877,2.5198,0.4593,0.4464,0
56.9755,24.6135,112.2206,185.9655,7.6690,6.4929,22.5090,0.7681,0.1633,1.3010,0.5266,1.7340,1
62.0414,31.3151,112.9190,189.0043,6.8523,4.0720,11.4687,0.8609,0.6012,2.1483,1.3292,2.5064,1
40.2497,18.2143,144.5866,127.7416,7.4249,12.2485,16.8286,0.7139,0.3926,0.2900,2.7608,1.3471,1
23.2831,37.4959,131.6032,161.7109,5.1387,12.0631,32.1178,0.0981,0.6610,0.2556,2.4991,1.1090,1
79.6572,29.0757,118.3796,153.6595,1.4170,11.0333,12.0324,0.2488,0.3314,1.3286,1.9488,2.0916,1
32.9585,41.3474,134.2320,183.1324,1.1326,2.2011,17.9423,0.8282,0.2117,3.6532,2.1495,0.3688,0
34.3105,18.1465,156.3273,81.6755,4.4274,5.7613,29.3627,0.7598,0.7728,2.4289,1.8188,1.0136,1
41.8505,24.3004,116.4474,80.0115,2.8509,2.9401,16.1759,0.9156,0.2253,3.4424,0.7686,0.3393,0
66.1023,19.3033,112.5778,175.6164,4.8049,11.9942,32.4203,0.7046,0.2859,3.1510,0.4813,0.4079,1
59.6693,40.4159,151.6639,190.2347,8.5413,5.3383,8.9061,0.6438,0.4780,0.5213,1.4152,1.0683,1
60.3843,23.4597,122.3352,205.8751,8.4804,10.0909,13.6013,0.4948,0.9098,0.3348,0.2129,1.4114,1
50.9912,17.8895,160.7484,117.3288,7.7235,8.8144,13.4942,0.2449,0.3790,1.0147,1.4868,2.4307,1
72.1440,22.9703,160.9537,171.9755,1.1647,8.7718,32.6885,0.0225,0.1695,2.2223,0.3715,2.2324,1
83.7033,42.2206,102.0636,116.2157,6.1282,5.8812,28.1002,0.6120,0.2207,2.8749,2.0107,0.1303,1
45.3926,33.3802,137.8054,149.7959,3.0014,4.4700,20.1183,0.7473,0.0474,2.7915,1.3022,2.5032,0
60.4100,27.6011,97.9991,147.4670,4.1434,3.4474,31.4794,0.2930,0.7110,3.0984,1.7046,1.8106,1
30.4173,30.3987,149.1990,139.4149,2.4952,10.3552,10.1674,0.8990,0.9012,3.6183,1.7825,1.4792,1
80.0656,26.8489,122.5296,113.4179,5.6169,7.7488,12.6597,0.4969,0.3485,0.8451,1.2730,1.4923,1
24.6665,43.0243,109.2313,122.2720,1.3961,2.9057,21.9521,0.2361,0.8360,0.7866,1.3052,1.6762,0
71.0053,18.3017,132.2452,126.3718,6.2500,8.2397,28.1668,0.8269,0.9274,3.8596,0.6298,2.5395,1
69.6768,31.9507,153.6473,120.9909,5.7028,11.8330,14.0178,0.4081,0.6850,0.2300,0.8282,2.1986,1
62.3824,29.8215,99.9356,84.7494,5.3446,11.0602,10.1511,0.6973,0.4710,2.4297,1.8395,2.7707,1
75.9548,24.5751,147.0976,79.2463,4.6131,2.9670,12.0371,0.7021,0.5600,1.9231,2.4466,2.4618,1
24.3020,38.8189,150.8745,205.4849,2.5467,9.4446,20.2865,0.0191,0.6239,1.5493,2.3750,1.0764,1
37.2755,37.2241,101.9497,77.9930,3.2101,11.9173,30.5529,0.5773,0.4577,3.5223,1.7753,1.1197,1
69.2540,22.2252,161.4153,163.0184,3.4049,7.1568,16.5034,0.9810,0.3675,3.3104,1.3968,0.8287,1
38.2207,23.1268,160.7969,149.7564,1.6090,1.8460,23.4577,0.2462,0.4901,0.7631,2.5868,1.9341,0
34.2761,33.0042,114.7003,158.0579,4.0317,6.3479,24.1916,0.5465,0.5620,2.9559,2.2382,1.7529,1
86.5795,19.7975,160.8025,103.3433,2.5451,3.7835,31.4602,0.8162,0.8808,3.6169,2.1014,2.3342,1
84.5629,26.4857,133.7338,100.2597,4.6453,6.6454,19.2888,0.0743,0.4090,2.9208,2.9407,0.7968,1
63.3325,18.6048,153.3103,176.5828,7.8419,11.4651,25.3961,0.9919,0.9984,1.7511,1.0161,1.6536,1
44.8255,25.2869,100.1418,110.6242,5.1344,9.6492,32.8999,0.8957,0.5046,0.7515,1.2078,2.1033,1
64.2320,18.5852,136.5170,151.4249,8.2416,9.6043,25.1384,0.6999,0.4514,2.3698,2.5324,1.6474,1
71.7534,32.8528,116.3133,153.7186,6.3586,5.7328,9.3082,0.0431,0.1566,2.2236,1.0547,0.4125,0
40.2883,25.6838,142.2369,130.0832,2.4184,9.1617,9.9756,0.2040,0.4005,2.9567,0.0798,2.6562,0
60.6194,38.1880,159.5983,147.1252,5.2320,6.1663,25.7215,0.9350,0.8779,1.2980,2.3190,0.9835,1
82.1354,24.5263,128.6468,204.7211,1.2928,9.2298,14.3790,0.7233,0.0721,0.5822,1.3649,2.7784,1
61.4620,25.2452,129.5057,173.8189,4.9276,9.1719,16.2622,0.5011,0.8051,1.2547,1.3479,0.1410,1
29.2901,23.3716,133.4287,148.6271,5.5920,5.2102,27.3138,0.5044,0.3862,2.6421,1.2530,1.7481,1
75.7249,39.0285,131.8012,80.4619,1.2771,9.7373,16.0966,0.1696,0.7233,1.1916,1.6322,1.1622,1
44.4702,25.3824,103.4936,157.8396,4.7488,6.5299,24.6777,0.0083,0.0448,1.4137,3.0196,2.4341,0
71.2726,34.5464,114.9877,124.5770,1.6140,5.9731,31.3347,0.2417,0.7253,0.5188,0.6423,2.1304,1
81.9555,33.2412,156.0247,122.1455,2.7729,2.7839,28.5962,0.5418,0.6808,2.2378,1.3110,0.8218,1
44.1654,18.6572,112.8590,104.5131,8.2238,8.0543,22.5509,0.1060,0.4168,3.4991,0.7426,2.5783,1
52.7157,30.5163,151.9598,123.1565,5.3708,4.0110,13.0297,0.6572,0.3922,2.8976,2.0088,1.6705,1
49.5896,16.7300,154.9963,161.8236,6.5542,5.9890,16.4730,0.6729,0.5291,1.9609,1.5248,1.7548,1
49.2304,24.5767,157.0636,90.6542,7.3146,4.3850,13.9835,0.9393,0.1987,0.3051,0.4263,2.2717,0
70.0501,36.1883,124.9586,209.6114,6.6761,9.3122,24.5675,0.8139,0.5382,3.6936,1.8089,1.5361,1
40.4770,26.8169,150.7403,100.6895,5.3963,1.6938,31.6038,0.1436,0.8020,2.9068,1.7135,0.6486,1
54.9758,21.4002,127.7011,139.1803,5.2799,7.3146,27.8770,0.5104,0.8934,3.1045,3.0400,2.1345,1
54.6805,27.1740,140.6459,82.2923,0.8139,4.7820,26.9906,0.1272,0.8364,2.6178,0.2423,1.6661,0
71.5843,29.0086,141.9704,173.0823,0.7747,3.3496,29.0729,0.1157,0.5143,3.6130,2.5977,2.0924,1
77.3161,34.3707,109.4431,93.2578,8.5074,2.0709,12.5286,0.8651,0.7908,0.5104,1.0632,3.0328,1
35.9353,41.2533,133.6163,118.3779,6.6669,8.8665,24.8281,0.8560,0.0641,0.7756,2.7163,1.8363,1
60.0629,41.6764,157.3138,216.4265,1.8641,3.1653,19.6848,0.0968,0.5917,2.2747,1.9932,1.5489,1
80.6369,17.0619,111.2767,82.9353,3.6414,2.4264,20.3836,0.8085,0.6839,3.1851,1.1260,2.6245,1
24.5935,20.1273,146.8842,158.5047,3.9096,2.0787,24.5876,0.5236,0.9017,3.2756,0.9039,0.1456,0
62.9598,39.6281,102.7920,161.0444,7.5870,5.7896,25.8126,0.4179,0.1674,2.1686,2.7272,3.0474,1
60.8634,34.0081,112.9121,199.7001,5.4978,6.5871,10.8505,0.4036,0.5593,2.9402,2.2519,2.7896,1
33.3100,40.7567,138.6405,200.9368,4.1412,5.5384,9.1502,0.9869,0.7991,1.9514,0.9093,0.2590,1
43.0099,32.6537,122.9630,108.8745,4.9665,4.9020,28.1135,0.5547,0.5471,1.5599,2.9851,2.1952,1
79.7417,23.3355,154.5325,202.9300,1.4080,9.7627,29.6994,0.8088,0.2683,2.7345,0.5900,2.3315,1
31.2929,31.6856,123.3278,91.2506,5.5240,12.0598,15.2937,0.5618,0.1708,1.6261,1.6530,1.5922,0
44.1089,24.8977,160.0359,193.6812,0.9982,2.6966,25.9978,0.4527,0.8233,0.9108,1.5031,0.1782,1
43.0535,20.3987,98.3359,132.7906,1.2926,8.1943,15.8787,0.7252,0.9304,1.9904,1.6190,2.0614,0
56.4634,42.0162,166.4790,177.6532,6.7100,3.5868,26.4046,0.7182,0.5482,4.0564,2.1926,2.6513,1
88.1267,19.4508,115.5381,210.7231,5.5797,3.0700,16.6721,0.6936,0.0581,0.8604,0.0839,0.7461,0
51.3363,41.3475,162.7052,198.9518,3.6121,4.0125,9.8651,0.2789,0.8866,3.1543,1.2892,1.0354,1
34.9651,20.8732,120.2060,134.5283,0.8000,10.6281,32.6361,0.0024,0.2207,1.9328,0.6794,0.5527,0
73.8391,42.1484,102.3821,102.9728,8.5542,4.1580,25.1336,0.8925,0.1163,2.0981,2.4748,2.2327,1
71.6923,19.1774,161.1766,110.1031,3.4123,9.8372,20.9251,0.8733,0.4097,1.4765,2.7920,2.0239,1
36.9543,21.7206,147.7837,84.6583,1.5695,5.8203,11.7295,0.2284,0.9622,2.3660,2.2080,0.1513,0
78.5257,23.9733,108.7343,143.7838,1.0748,3.2585,17.5610,0.6884,0.5808,2.4656,2.1154,1.2121,0
38.1010,19.5101,138.2203,115.9428,2.1438,5.6489,26.0770,0.9157,0.2722,2.8863,2.6674,2.0535,1
29.7837,40.9761,142.1964,165.4075,7.2762,6.6593,14.7303,0.9436,0.5111,3.5900,1.7894,2.1963,1
83.7983,17.0183,156.3494,181.4824,5.2462,5.5844,27.9405,0.9089,0.5753,2.1080,2.6325,1.9131,1
81.2331,20.6913,138.8394,135.5292,7.4207,8.4046,13.0414,0.4489,0.3682,3.2025,0.9350,0.3960,1