rainfall,soil_moisture,soil_ph,temperature,fertilizer,crop_type,land_area,yield_t_per_ha
1158.0096,0.1624,6.4070,24.4670,77.7665,2.1922,8.0032,0.4
827.6160,0.2979,7.9282,29.6858,117.4033,0.6722,8.9332,1.313196978478271
556.6374,0.1747,6.6197,28.5445,101.1885,1.3171,2.7970,1.4766419963325066
489.1760,0.2398,7.5920,34.2355,130.0403,0.1608,7.1694,2.123011490958426
831.9194,0.1683,6.6025,15.8228,91.8314,0.0240,11.3680,0.4
847.1311,0.5375,6.7302,33.9075,96.4138,1.2675,0.2656,3.41310319269579
1354.6267,0.3334,4.7126,37.2944,118.9781,0.0831,1.8418,4.8633609974815695
1102.5623,0.2475,8.1287,22.6156,46.6676,1.5473,3.7804,0.4
1679.3724,0.4051,6.7768,20.9565,19.9788,1.7142,0.3918,0.7749538350772665
1658.9059,0.2267,4.7991,32.5888,28.7539,1.7691,10.9504,5.416410000397501
1517.9053,0.4728,5.6586,23.3150,41.2775,0.2624,1.0055,2.9353602632201947
719.3740,0.4718,8.0229,20.0121,44.3842,2.9077,9.9845,1.8050638501225533
455.4835,0.4998,6.5076,23.3006,54.4678,2.5266,7.8865,3.0428427337035173
432.6958,0.4266,5.8892,16.3615,39.3609,2.5598,11.3133,2.3393527286871154
1827.5160,0.4572,5.8518,36.6461,115.6898,2.4650,6.5525,5.941089563527938
755.7706,0.2200,6.9008,34.8994,24.5069,1.0356,1.5703,0.4
1611.5278,0.1796,6.5219,37.2541,129.0746,1.1659,9.9805,3.8706509377043234
1343.2599,0.2857,5.8577,23.6030,37.2107,1.8197,7.2484,1.7014935719032411
790.9119,0.1611,4.6047,24.5029,121.5761,0.9043,7.4143,3.5679948476567667
1426.6269,0.1381,6.3548,37.0501,47.6610,2.8970,6.6191,3.157622880664101
643.0940,0.2115,5.9388,30.2588,127.7758,0.5849,0.6614,2.7785612421864507
1273.0078,0.5005,4.9315,19.4463,69.5997,0.3317,6.4402,2.6181953316331534
651.4301,0.2448,7.8739,21.6713,80.7302,2.8373,9.3430,1.3937397720965001
1413.0444,0.2433,7.0455,29.0633,72.3563,1.6110,1.5314,3.851759852865998
1236.8949,0.3753,6.5543,19.5873,54.9970,2.8369,8.1791,1.8008429822646181
992.1440,0.1960,5.2442,22.3890,40.8764,2.3077,10.7681,1.405723578599062
756.2282,0.4680,5.6317,18.8622,63.7586,2.7698,3.2782,2.5314168701911894
1592.3867,0.2502,7.3974,29.8853,36.6631,0.6945,7.9361,1.7767269883383707
1068.1678,0.2406,4.7969,36.3751,99.2596,0.1149,0.5388,3.7246255284999243
878.9167,0.2196,6.4430,20.3370,61.6106,1.8399,7.7698,0.4
876.0856,0.4148,5.6151,22.0666,31.3578,0.6806,2.1203,1.1863358114589089
906.4694,0.2344,8.1172,25.3351,21.8464,1.1255,2.4265,0.4
794.7171,0.4016,7.8081,34.7989,122.6977,0.1323,1.4914,4.638044264040688
1184.9839,0.1627,6.8755,33.7141,83.5897,2.8710,9.4326,3.2641714868364256
428.4073,0.2391,6.3919,33.4280,17.2453,2.9431,2.5884,0.4
1470.9118,0.3589,7.4418,18.0687,89.1280,1.7255,8.9921,2.8792222672530055
1196.7179,0.3402,7.7520,19.5003,104.4851,1.3965,1.5209,4.009222526667452
592.2657,0.1617,4.7531,30.0831,101.4559,0.5878,0.4794,1.7978674528054528
486.0409,0.2837,6.6768,21.1242,63.9581,0.1161,11.4390,2.028016135457818
1414.0008,0.3650,7.7834,21.3173,139.2896,2.2644,5.9334,3.9495821141473737
758.3990,0.1382,7.0002,32.9433,126.1737,1.9651,11.6307,2.4087475502459212
835.7746,0.2728,5.9313,22.8285,26.5058,1.2925,1.1283,2.3055325186453386
1070.2767,0.4234,7.2734,23.7543,115.2314,1.7206,5.7965,2.3470303345901415
1659.6389,0.1709,7.6249,27.4682,120.4797,2.5180,1.7345,2.2340312271379545
1197.1450,0.3240,7.3393,27.9138,120.9082,0.4739,4.1916,3.447511239069782
819.1821,0.5321,6.1172,32.0223,91.9649,0.9799,9.7539,6.257720145418516
1122.7993,0.4172,7.7252,17.9227,102.3263,1.0977,0.4336,2.558964897617037
1396.7789,0.4469,5.3271,25.5997,61.0977,1.5447,10.5682,3.8359265519373884
1404.7595,0.4334,5.1973,32.9267,86.2570,0.4306,0.3472,3.981153062029327
716.7057,0.3294,6.3132,18.3237,75.1907,0.3200,8.1867,2.383121166747355
1685.3715,0.4211,5.6897,31.9603,124.7470,1.8973,4.4616,7.481067843166918
1499.4758,0.2233,7.0110,30.7567,98.9131,0.7374,1.7100,1.492424364014504
621.0829,0.5403,4.8373,31.2249,61.8913,2.8925,5.0464,5.387307683557878
780.2191,0.3841,4.9082,32.4260,24.8703,2.9780,10.5259,3.132440146372722
790.6844,0.3278,7.9199,34.4877,24.9103,0.2216,8.7920,3.563918351164181
522.7594,0.5041,7.7215,21.4896,26.1930,0.9138,1.6636,0.6602801239677006
1272.0806,0.3347,5.3590,34.2353,106.0953,0.5797,3.8139,4.891043972721068
510.7518,0.1189,7.2498,15.6297,113.9857,0.3145,8.9114,0.4
1604.1960,0.5107,6.9925,22.9959,76.3502,0.2643,8.4989,4.68407506668954
1780.3888,0.2694,7.0033,16.9680,36.0010,2.6438,5.4686,3.4053148789616756
1449.2135,0.4325,5.4857,19.5414,59.6896,1.9042,8.2846,3.9036195033675014
1264.4794,0.2283,4.9071,35.6737,46.8201,0.1538,10.5718,5.210273378082771
893.6778,0.4579,5.8050,33.5307,88.5075,0.3026,8.0338,5.9935714360289065
397.3111,0.2636,5.3045,33.1657,49.7495,0.2652,3.2918,2.5808911084634882
1063.3632,0.1543,6.7869,36.0962,136.9451,2.0066,4.6088,4.724808716183556
1463.6912,0.2441,5.6776,16.0228,115.7413,0.9791,4.3048,3.1165044417040937
1152.7372,0.4769,5.9526,26.0379,51.3418,2.3967,1.5775,2.893997035722135
484.4652,0.3608,8.3704,21.5643,38.4024,1.1262,2.6857,0.7945357421609726
1014.0364,0.1120,7.6515,33.3135,70.5692,2.9882,7.2138,0.8609641673585593
940.1354,0.1543,8.0506,19.2643,95.3060,1.8921,8.2657,1.5303813580363341
606.3701,0.3125,7.6097,15.6411,89.0072,1.0332,11.4271,2.451863023038725
1219.5187,0.4973,8.1612,21.1477,118.9595,2.2751,6.5464,3.402045161088923
706.4069,0.2823,4.7866,23.4324,138.6127,1.2152,8.2607,5.402880309747123
1842.8151,0.1551,5.4909,25.4922,46.5022,0.3426,3.0025,1.1230050251531865
1841.4319,0.3003,7.0202,36.9475,86.0342,1.6554,5.8965,3.72519680924952
644.4782,0.2985,5.9152,19.6480,99.5665,2.5922,0.1661,1.6163714654629875
1343.9035,0.3095,4.9048,36.8530,18.3101,1.7482,9.9253,3.435347800316868
806.4503,0.3175,5.4089,16.1621,48.6146,1.9720,2.2930,0.4
408.1099,0.1624,6.4908,21.7982,86.7485,2.1123,1.9000,0.4
1192.8423,0.1836,5.2038,32.6213,136.5223,1.7363,1.1229,3.2075856314111433
1492.0054,0.3604,4.8555,29.7110,50.3443,2.5560,10.9106,4.0397690999616
614.1777,0.3546,5.9434,33.2074,52.3093,2.1893,3.9046,2.498002822708346
399.2834,0.5251,7.2490,20.1442,85.2444,2.5506,6.6170,1.5688318558945722
1135.7615,0.2778,4.9780,24.9959,66.3057,0.0164,3.0880,0.9269391882153419
1591.7203,0.3306,5.1024,29.8703,127.9343,1.9007,1.7468,3.7061122678889062
740.0925,0.5098,4.8709,15.9132,57.5238,0.4822,10.6005,2.8935191888531855
1603.0560,0.2875,8.1357,25.1782,42.7758,0.1667,9.4795,2.2758038447743125
1456.3592,0.1454,7.1733,30.6283,92.2870,1.2483,5.7142,2.1211572254376403
733.2612,0.4115,6.6541,26.2353,90.3774,1.2083,3.8492,2.041991691142988
418.7461,0.3467,6.2402,18.5080,84.3356,0.1861,2.7054,0.4
435.8529,0.1803,5.3395,24.9092,91.1892,1.7134,9.1017,1.2042774228192785
370.3365,0.2632,6.0527,27.6205,100.2546,1.0511,10.0551,0.4
1882.2599,0.4147,7.2379,31.4533,50.4965,1.7180,5.7825,3.918428890195009
688.7398,0.2247,6.6917,17.3320,134.8775,2.1919,0.7150,1.0306413555944487
1549.7981,0.1510,7.1410,22.3416,100.1457,2.7889,11.2818,3.0636484821692918
1359.0897,0.1584,6.5822,27.8217,76.5355,0.0230,10.3438,3.1785061988300276
637.4949,0.1308,4.7895,23.6871,123.3160,2.7106,6.6146,0.864029964322854
342.1690,0.4608,7.2017,22.0755,33.5357,1.4307,5.4804,0.4
1809.7704,0.3925,7.4299,16.4266,111.5136,2.5632,5.3637,2.2209238800532853
958.4800,0.1414,7.7846,15.8916,104.4137,1.2730,9.3215,0.4
957.2222,0.1405,6.2148,18.8568,28.0863,2.0545,3.0186,0.4
963.8523,0.3049,4.7659,21.8295,53.1678,0.1631,7.9098,0.4
360.6705,0.2998,7.2002,35.0211,66.3537,0.3532,6.6469,0.8466580386043475
420.8169,0.5133,4.8141,29.6217,121.5181,1.0461,1.8088,4.635265849165413
326.5998,0.1086,7.6529,18.2576,95.9713,0.5721,6.7447,0.4
1001.7621,0.3012,5.1905,20.7287,107.6780,2.4634,10.7482,1.9810473350963074
664.0751,0.1881,6.5293,34.4586,41.9253,2.6916,5.0705,3.030183584144181
635.6158,0.3478,7.0323,32.5070,86.1456,1.9713,9.7047,2.9336697058434225
732.0056,0.3366,6.3480,36.5873,116.6945,2.9631,11.4945,5.251643991332401
1345.5803,0.3608,8.1133,30.9520,65.1715,2.9083,0.6704,0.4540717208271924
1484.4845,0.3240,7.0878,28.9724,61.2929,2.1943,6.4505,4.227863218299759
1123.5996,0.4709,7.0131,17.8553,75.4590,2.7475,0.2186,3.2298847317876596
1052.9602,0.4770,4.7850,33.2240,66.1084,2.1375,7.5563,4.851474993101227
1514.4355,0.1688,6.8286,17.7577,124.6230,0.0043,9.4313,1.6202548436894157
1251.0322,0.1191,7.3819,33.5816,35.4001,2.0882,8.5063,0.943483281909893
457.2376,0.5256,7.5989,26.3009,81.8211,2.9758,8.2245,3.8119653066079366
1131.7997,0.3336,4.8434,16.6209,106.8616,1.6155,9.8114,3.6922797602522563
1066.8267,0.4305,8.2364,29.9303,25.5752,2.2816,1.3150,2.579075890444605
1158.2113,0.1393,6.4935,19.6713,59.3679,0.1444,9.9476,1.0861400662311242
1654.4280,0.4662,5.9367,16.0032,40.7728,0.5171,3.0171,2.8215646975608166
785.1883,0.3567,5.8481,29.9711,129.2036,0.5351,1.1185,3.6942445160885695
369.7857,0.4047,5.8091,28.7089,48.1161,2.6587,8.9451,1.1767072037064024
966.6104,0.3208,6.3751,26.0700,68.2281,1.2376,11.3260,3.058377545887829
739.8116,0.1033,5.4239,20.7665,106.1657,2.7727,10.5039,1.5173920166161987
488.8807,0.2736,6.5113,16.4695,34.7080,1.8780,3.0866,0.4
1163.3336,0.1741,6.6326,32.5982,114.7665,1.0437,3.5086,4.873058152953117
1384.1090,0.1217,7.5481,28.6434,93.3395,0.4697,10.8708,2.9856286474506786
1793.7095,0.3183,8.1065,19.8703,32.7477,0.8444,6.2826,0.97900560615577
1803.8548,0.1848,6.1080,26.9983,98.7822,0.2584,7.4348,3.626717263995015
592.9630,0.2217,5.9810,20.8447,137.0285,1.8024,8.0457,3.1687163377074667
1332.3424,0.1746,6.5585,20.4667,101.9355,2.2019,11.0202,2.8389011243044244
969.9697,0.2105,6.3668,28.2976,51.3505,1.3874,9.4381,2.081200908853629
1105.4052,0.1302,4.7234,23.1278,70.0875,2.6448,4.5661,0.8100996264961937
1497.9966,0.4003,5.8097,26.2920,94.4984,0.0425,7.9089,5.133624321220702
719.7822,0.3744,6.3665,16.8394,87.1398,1.0837,10.6183,0.4798852696707837
1040.6845,0.5095,6.9177,34.2200,113.1991,1.2547,0.1079,2.4549726699826406
530.6166,0.1600,7.7888,37.4259,95.2476,1.5544,2.9905,3.0578425005569514
780.7081,0.3298,6.0593,29.5010,128.0488,1.3290,10.8610,3.8056828912831966
1269.2711,0.2048,5.3417,26.8337,90.0086,2.2413,6.8494,4.710762965398823
671.3142,0.4864,7.7497,16.1432,16.7479,2.3303,3.0548,0.4
1798.7576,0.4397,8.2254,20.1636,77.8381,2.5904,8.4545,4.048159756244217
1142.3122,0.4857,5.2063,17.2733,132.3171,2.7786,5.8621,5.200946982208372
1567.3175,0.1618,4.7511,30.9175,87.7213,1.0561,0.8307,1.852825532934425
585.1089,0.3915,7.9823,21.6290,94.0770,1.9537,1.6791,2.840867398859478
574.6581,0.3054,7.5840,32.9519,86.3124,1.0665,5.3617,4.1800546013738655
762.2242,0.3085,5.5707,35.3971,21.5440,1.9792,11.0126,1.5793481760902963
925.9213,0.5132,6.6798,37.3879,132.5473,2.3056,9.7263,5.841757180313538
1051.0907,0.3369,4.7773,34.2269,125.4999,2.7525,4.4131,3.6309373091662565
469.7612,0.3257,5.9664,24.2282,91.1960,2.8105,11.5271,1.8994952088674495
1514.8445,0.3571,7.1138,30.1986,33.4830,2.8285,9.9133,2.384540161796343
1413.1270,0.5047,4.7027,28.2231,41.9792,2.9789,11.2767,6.082426906442569
1789.5936,0.4993,7.4573,23.6939,106.0005,1.2280,3.2424,3.086587882306218
870.7098,0.4043,4.8414,23.0559,127.8714,2.3336,5.7436,3.855325701501623
1656.8220,0.1249,7.0788,19.4853,77.0435,0.3271,6.8275,0.8942189503945296
1516.4584,0.4176,4.8423,23.1136,46.8023,1.2320,0.2908,3.394974106659077
999.1147,0.2442,6.8700,36.4657,43.6152,1.2960,11.6170,2.619241303533836
1440.7653,0.2924,4.8785,20.8164,52.3520,0.2845,7.9344,2.6416129409369664
1500.0882,0.1517,6.3757,23.0893,58.1613,2.7210,10.9034,0.9769758074714582
495.5650,0.5246,6.8449,20.4661,86.4059,2.0212,3.1788,3.048571990153599
1854.2484,0.2318,4.9942,33.0620,129.4188,2.8676,8.8482,5.220199074635549
1512.0431,0.3677,6.0421,25.1209,65.3332,2.6108,11.0473,4.5283459766093825
1383.5909,0.3917,5.4181,19.7005,126.9568,0.8311,10.3098,3.6077499352441533
381.0006,0.3457,6.8240,33.2936,28.6162,1.4312,6.5616,0.9156252496158128
1447.3840,0.3570,7.7698,24.9875,96.7620,0.9921,8.7128,2.2789504079002225
502.5066,0.2399,7.3154,18.6800,43.4086,0.8352,5.3416,0.4
962.6371,0.4819,5.7641,28.6596,71.9296,2.3614,2.3876,3.150558389449242
729.4025,0.4505,6.2161,27.4719,38.2490,0.1696,0.6338,1.8259473837498974
1656.0438,0.3012,5.8799,25.5205,75.5070,2.0380,3.3539,3.3768541475411573
1795.1964,0.2403,5.3111,20.1926,24.9159,2.6144,3.7158,1.739615359260539
1067.9969,0.4987,6.7388,32.1589,55.8627,0.0904,0.4653,4.828993037947443
1017.9764,0.1572,4.9789,28.4061,111.9926,1.8721,7.6818,2.8548017365432523
374.4375,0.4574,6.8723,21.0917,99.3812,2.4809,5.0835,2.276254142500118
1739.1287,0.2002,7.8873,33.4844,21.1494,1.7353,7.2593,2.632216784597192
480.4880,0.1715,6.8066,22.3114,15.6304,0.8089,4.6386,0.4
1744.8848,0.3787,7.6338,16.1771,58.1892,2.5546,2.3274,2.3468440302451135
456.3213,0.2465,4.5862,22.5470,102.4371,2.6345,10.4382,2.763676144168421
1403.2196,0.4358,7.6230,26.5436,48.9566,1.0790,10.4365,4.345160975925598
1529.5215,0.4295,7.7131,31.9799,62.5723,2.6348,8.4758,3.901254997913198
1078.8531,0.5169,8.0612,16.0923,134.5592,1.7218,9.0780,3.632462713227794
618.9030,0.1350,5.6776,30.4822,67.1847,2.0195,7.6072,3.0108506897809373
1580.7118,0.5080,7.6058,22.5749,48.3889,1.8771,5.3515,2.1581907614275613
1423.4621,0.4746,6.4080,27.1166,53.4912,2.7591,11.7266,5.99319083837383
1507.3949,0.3110,6.2286,23.1052,114.1109,0.7537,10.0075,3.7440713414568223
1615.5776,0.2990,6.8881,36.0186,96.1283,2.4753,10.7382,5.080673126580667
1760.8386,0.2739,8.1416,22.7910,25.5871,1.0209,1.2797,0.4
981.1336,0.3938,7.3416,17.0321,16.5514,2.3357,4.9890,0.4
1497.6617,0.2070,6.1172,30.7207,88.0388,2.8854,2.8534,3.2549454707498784
998.7694,0.4163,8.0972,17.1365,123.1244,0.6474,9.9859,2.007474692621711
1090.6553,0.1065,7.4497,20.4541,50.3275,1.2496,8.7411,0.9818750538272458
951.3386,0.2597,7.8078,17.2549,128.0146,2.4471,5.0402,1.2976667291452468
1256.3676,0.1660,4.8902,35.6052,30.9989,0.1683,0.8192,3.133243011307866
1036.5785,0.2778,6.8630,35.9577,41.5773,1.4104,10.9258,3.449897473224031
1657.5820,0.2967,6.2390,36.9227,109.2257,0.3590,0.6346,4.708540450285304
1245.5982,0.4365,4.9023,36.2417,30.2157,2.5686,6.0938,4.484145828771622
442.0891,0.3825,6.1266,21.6319,81.3552,0.6173,11.6549,1.8528972717361192
1569.8648,0.2768,6.1161,23.8957,93.6332,0.7201,5.8992,2.821899077756978
1177.4908,0.1472,4.8915,25.4236,57.1643,1.6619,1.9026,3.0063790690961754
455.4009,0.3936,6.7423,29.1001,88.8409,2.3276,11.5169,2.347312999979768
1805.5022,0.4251,7.0770,25.7197,118.6112,2.2324,9.2636,4.693119423458431
1355.4970,0.4143,6.3380,31.6451,66.2786,2.1943,3.1394,3.6995196850604666
1608.2166,0.4543,8.1247,27.4128,57.4859,1.9594,5.6098,2.397507361667229
847.6949,0.2972,7.4672,31.0397,119.7552,2.8804,1.5554,2.4734148255391553
589.4035,0.1576,8.1632,21.5782,130.2815,2.5107,1.8653,1.0084124797007652
1177.9306,0.3429,6.5781,22.6037,47.4189,0.3793,1.3312,1.9676378396916194
1492.3290,0.1812,6.9361,24.5131,80.7675,1.2278,11.0529,1.5312024693881434
1682.0152,0.4073,5.5232,25.3589,62.4239,2.5825,8.4879,3.81025964790705
888.8589,0.1561,5.7584,15.2771,49.4700,1.8270,10.2215,0.4
557.3649,0.1663,6.7664,18.0638,106.2528,2.0531,2.0000,0.4
435.8015,0.4342,7.1324,21.9670,82.9112,1.9105,1.0980,1.790346882326139
585.8575,0.2456,8.0485,31.3877,121.4686,1.5315,0.4521,1.9136167139529736
1406.1264,0.5161,5.7525,32.7077,138.0514,0.1885,11.3291,5.036218895827306
1715.1958,0.1266,5.5348,25.7151,46.9949,2.9991,10.6353,2.963395592395816
1748.7765,0.1907,7.8224,28.0700,126.9844,1.4706,11.0754,3.7903086509614523
1806.6916,0.4953,7.6786,31.2529,103.9581,2.9321,1.2875,4.808541513716753
1771.2729,0.4306,7.7455,19.6113,87.1043,1.7964,1.3560,3.918033871696493
1566.6910,0.4332,6.6554,18.2943,55.5460,1.0558,4.4132,2.520946773551205
1306.7329,0.2494,4.9415,17.2446,55.2631,0.1177,1.1685,1.1936137711688202
1321.2750,0.3945,5.0320,15.6553,91.8748,2.1763,4.3545,3.0929998040672073
1175.3854,0.3724,7.0449,23.3333,30.4919,1.1017,10.7600,1.2668731953921142
743.3022,0.3241,4.7814,34.5473,47.3804,2.8332,5.5979,3.3586816547242098
439.9998,0.2772,5.7462,20.0376,46.1214,1.3155,3.7935,0.983804384374958
1686.9640,0.3394,5.9536,25.4348,53.2478,2.0654,10.4198,4.181465231336583
1785.3761,0.4726,5.5761,21.6176,63.6392,1.2117,9.2227,5.748116448134326
1260.4966,0.3727,6.6059,20.7624,127.7608,2.2352,1.6993,2.243434056487686
855.4736,0.4024,7.4048,30.4341,37.5699,2.9526,11.4980,4.1084424993407405
703.5570,0.1360,4.7961,31.8564,68.3087,0.8105,8.8250,1.6789805418009078
1206.9691,0.1405,5.1708,36.7365,60.1525,0.2150,7.7742,3.8031383193822013
1785.7056,0.1192,5.3705,15.1811,36.2872,2.0472,8.8696,0.7211594477893206
622.7989,0.4472,8.0830,20.9253,90.1223,1.8840,11.1814,1.5397579584941723
1172.2865,0.1549,7.6701,36.4535,100.5838,0.1135,4.5389,1.390582880797431
824.7527,0.1845,4.9671,19.8764,71.5494,1.6919,3.8796,2.152811068908681
1196.1743,0.3272,7.9634,35.5250,93.1608,1.5621,6.5616,3.6007136177521213
1327.6506,0.3049,5.8123,23.9648,123.0911,0.6627,7.7762,4.148063811430203
1688.4293,0.4921,7.0767,19.7245,93.7837,2.6819,10.3678,5.173554394199487
1189.3696,0.4923,7.0328,20.9862,44.2371,0.2075,0.1344,3.5579541735188056
1190.3113,0.1588,8.1147,35.5621,17.3308,1.7351,2.7525,0.4
866.0057,0.1902,4.9927,29.6347,38.6278,1.5017,4.1941,0.9458696660429293
1662.1017,0.2886,6.2183,31.8892,125.4012,2.0258,11.2552,5.925736419784943
953.6401,0.3091,5.7141,16.1083,138.2960,1.4432,6.4484,3.5908258594055087
1283.1987,0.4533,7.9700,26.1868,121.6274,1.4733,5.7105,2.607281762905609
1538.7748,0.1230,6.0047,31.2967,135.5324,2.6097,6.4244,3.248039484737498
1532.1405,0.3121,5.3899,29.5337,52.6430,2.5492,1.4747,2.630809888179983
869.6027,0.1319,6.4921,18.3054,105.0144,1.1863,7.7737,0.9782354683366328
589.5273,0.3717,7.7404,30.8557,66.3259,2.2692,10.5221,1.405724198641518
1288.6115,0.4411,4.8166,32.4884,87.2831,2.6756,1.2059,4.005008480613584
1461.3942,0.2885,6.6355,33.0601,85.5271,1.3755,0.5663,2.0248735795629447
1391.2264,0.1996,7.9225,35.8766,119.0198,0.2524,9.5674,3.7314989607449536
1782.7476,0.1746,5.0073,25.1453,21.4120,0.8508,6.3185,2.851257372193287
1100.0281,0.4367,8.0841,19.6932,58.2023,2.8338,8.6972,3.5676722405078007
1694.5741,0.3152,5.0049,24.6786,44.4813,1.7474,2.8792,1.9641112133824987
1597.8370,0.2160,6.8808,23.4931,86.3891,2.3313,7.9309,2.2058455254836584
1498.8047,0.4490,6.6072,29.9064,111.0746,2.3591,11.6639,3.9231594433890464
919.4414,0.2124,6.1178,21.5409,28.1741,2.3174,5.9405,0.44304069507372246
1443.8232,0.4332,5.7049,17.1573,130.4224,0.6360,0.5342,4.9598366605952275
1349.4464,0.2020,5.7853,36.7309,130.0423,1.6417,6.2313,3.020341546294453
914.1380,0.4698,7.9675,18.2260,99.3923,0.2451,10.2713,3.5361859748546336
1069.5189,0.2063,7.1318,30.0350,104.3070,1.9096,7.2118,2.675819114196693
1239.8335,0.4494,7.7680,25.5431,79.0654,1.5616,9.1444,4.556329783590967
537.6240,0.4487,7.5161,15.8456,88.0959,2.9354,3.6833,1.6754371510542683
403.5183,0.1601,6.3363,31.1473,110.7763,1.9440,9.0146,2.373703532477182
1481.8475,0.1609,5.2319,28.7354,124.9506,1.1851,8.1882,1.9781713784725212
1468.2189,0.2548,5.3401,31.3711,80.1167,1.5232,11.1249,4.173072835580009
1551.9942,0.2093,6.3306,23.3500,59.5224,1.6014,4.3428,0.4
976.9024,0.2739,7.0490,29.2483,124.7353,2.1109,5.3319,3.9359173472375737
412.1197,0.1941,6.9677,29.9773,21.3069,1.0292,6.8989,0.4
763.4925,0.3739,8.1254,33.2817,52.3209,0.5175,3.3801,2.420317876738543
918.3599,0.4159,4.9065,17.8445,23.9712,0.5233,3.2003,2.719282946222826
955.4953,0.1225,7.0917,16.1820,132.8143,1.3598,2.2399,0.4
932.6782,0.4257,6.0151,25.1779,55.7315,2.0354,3.7582,2.20327535139115
1078.7264,0.3217,4.5567,16.3427,62.7116,1.1797,3.8388,1.2305132362571642
729.7893,0.5428,4.7010,27.3928,38.5192,1.1183,5.1085,4.2382809897845455
1087.1983,0.3158,4.6401,19.2884,61.0320,0.6963,7.9579,2.7419457356082826
401.6445,0.4963,8.3335,31.5190,19.1959,2.9471,9.6200,2.047901556627569
1638.4385,0.3016,4.6608,26.5205,86.1823,2.4163,3.3713,3.834049911086039
406.9230,0.3945,6.9324,17.9184,134.3823,0.1713,9.3777,2.488376828240293
992.2978,0.3181,5.0954,34.4387,70.4572,0.8214,4.4826,4.146359589815804
501.6412,0.2174,4.9471,17.2933,105.3677,2.0129,5.4666,0.4
435.4749,0.5092,5.3399,15.5756,101.2580,2.5740,2.7272,3.493909886056853
1792.5326,0.3121,5.4403,22.9595,122.9306,0.1672,9.8599,4.682895039347606
883.8429,0.5300,5.2705,17.8594,84.6029,0.7946,11.3510,4.209036276799022
1275.3600,0.1586,6.5193,21.6877,98.8015,2.8472,11.0789,2.7740288048900794
469.9662,0.3405,5.6845,33.3564,120.0218,0.6246,4.0606,3.4688815806165096
901.5989,0.3797,6.0375,22.8529,24.3193,2.2778,8.4041,2.8330209113434823
1356.6312,0.4118,8.2004,23.9084,127.4294,2.6967,0.7808,3.0519997903860925
1161.5465,0.4583,7.6105,19.8263,85.8070,0.0546,4.4492,4.072322099592773
747.1341,0.2314,8.0420,35.1206,80.7189,0.3282,4.4496,2.3437393841433596
1005.9522,0.4512,6.1581,15.1945,26.7488,1.9725,6.5396,2.581235017523693
978.3897,0.4076,5.9186,24.2875,22.9589,2.5962,7.9578,3.649616988203313
1224.0249,0.1696,7.8010,26.3004,119.4601,0.3697,6.7892,2.1124898348959835
874.0350,0.4127,4.5634,23.5749,31.7984,0.1084,5.4338,2.6053626198786066
1053.5154,0.2419,4.8282,34.1715,99.8273,1.5731,8.4746,3.955396075406407
1042.3410,0.3785,8.2056,33.5491,37.9214,1.1793,10.6298,3.3965636234200285
1334.2595,0.1437,6.9404,34.4562,39.6961,0.2952,10.4975,1.6070854135387096
907.0482,0.4652,7.8533,35.4878,120.5190,1.0572,9.2039,5.105454400066823
1607.0945,0.1858,6.9504,23.4205,37.0981,1.2512,5.6341,3.540068849062684
466.5037,0.4619,7.2310,30.7486,115.3761,1.8307,7.3306,2.838290409437156
1287.3517,0.3876,7.6405,15.6389,65.3192,2.1943,6.2769,1.9674425185717663
1584.3171,0.3723,7.2741,23.8591,32.1886,0.8551,4.8193,0.4
617.6797,0.1304,4.8990,18.0555,77.9051,2.5422,4.7875,0.4
1401.2611,0.1549,7.4035,35.0546,128.3825,2.5352,7.2820,5.100620885269352
1792.8262,0.3186,7.2985,32.0474,107.5283,1.0182,8.9329,5.252820396027709
1687.2028,0.3087,7.2466,15.5697,33.2736,1.9636,1.8469,0.4
665.8309,0.3217,8.1707,15.2554,87.5450,0.4647,11.1882,1.237834060935173
1855.2931,0.1489,5.8748,22.6433,113.8120,2.1778,6.2772,2.033306729595106
464.7381,0.4955,7.8814,28.6862,94.8915,1.9824,2.2511,2.6656675713199696
932.5181,0.1230,5.2825,16.1746,26.8084,1.6692,3.1515,0.4
889.3980,0.3109,4.8576,33.9794,116.9624,2.0324,7.2177,3.333282200193349
985.9469,0.1605,5.8281,23.2824,69.0182,2.7943,3.8143,0.4
1218.8741,0.3704,7.6675,30.5047,91.2316,1.3734,7.8055,3.159684159019948
620.9384,0.1805,6.0025,32.5068,38.9510,1.1040,8.8997,2.1277968276293047
888.7303,0.1984,7.4667,23.0406,44.8512,0.0436,3.9562,0.8856727726520582
1637.2714,0.4895,5.7365,27.8218,110.4215,1.2560,1.4335,5.302326955128397
922.8832,0.3755,5.6937,30.4652,122.5462,2.5778,4.6165,4.831901038893871
1624.8201,0.1579,5.2842,32.3897,31.5080,1.5967,0.5062,1.6141591017580914
1025.1859,0.4134,6.6379,34.5130,95.6041,1.0738,10.4841,3.930910364907206
1170.9817,0.1946,6.5937,30.1420,63.2088,2.3883,7.8981,2.083108366393768
841.7381,0.5265,6.7962,31.5248,126.2306,0.6991,6.7155,4.841453733842693
569.3843,0.3005,6.7494,27.4732,17.9309,1.4195,2.3064,1.048594565670169
1479.3035,0.3767,4.9341,33.7733,53.8986,2.8482,9.7556,4.668736011067189
1652.2841,0.3504,5.2652,16.2291,74.0959,2.3428,4.3306,3.382597176108124
463.6876,0.1186,7.3002,36.2409,75.2127,2.7747,5.1324,0.41250717942034887
1162.8929,0.1978,5.9873,26.1503,72.3248,2.5135,2.5601,2.240766541683497
1400.1142,0.5136,6.1054,17.5671,46.3100,2.7237,6.7330,2.1931028526089427
542.2287,0.4868,5.1080,25.8706,86.4119,2.2695,0.0136,2.6900386207769986
1752.7812,0.2626,6.1600,32.5600,80.4920,1.8813,2.5764,3.7300846554717113
1431.4575,0.5097,5.8539,16.0703,22.9511,1.3929,3.2684,2.703644458914603
1008.3866,0.2985,5.6095,22.0354,36.0661,0.8366,6.1362,1.6660626149472377
1204.2310,0.3912,7.7785,32.4721,60.5215,2.1704,7.6812,4.448219649816414
392.9728,0.4184,4.8243,20.6155,117.5593,0.4639,11.3973,3.46359142118859
1415.1684,0.1869,6.3865,18.6054,44.6478,0.6245,8.9373,2.525321005027351
894.7192,0.1869,6.3524,34.9456,116.9134,1.1343,11.4199,3.4347343838254627
1151.0292,0.3331,5.8706,28.2631,57.9786,0.4948,9.0160,3.619808166475217
621.6869,0.2856,6.3463,18.6971,64.4825,1.5734,8.2614,1.2302613743550421
1015.4881,0.1104,5.6971,32.0942,84.0293,2.7171,2.4907,0.959350639271477
1634.9217,0.1470,7.0288,16.1628,18.3247,0.5669,6.9080,0.4
628.3277,0.3360,6.5088,23.9315,33.6112,0.4199,4.7655,1.56580987202323
722.8739,0.2833,8.1771,30.4414,34.9819,2.1312,7.2095,0.4
459.0623,0.1519,6.3583,32.6019,103.5184,0.6489,3.0943,1.002893402865163
1526.5495,0.2610,6.8527,31.2975,41.5629,1.3707,6.0731,4.212375076643518
1442.1128,0.3737,7.3751,33.2462,31.4309,1.8729,8.4700,1.9827729845470263
1762.1912,0.4208,5.7942,28.6518,66.1927,0.7261,9.7633,4.157752881145566
1172.2609,0.2627,7.6440,21.3210,60.4559,1.8922,6.0585,0.7905356372182448
576.7145,0.4068,5.4785,21.8745,70.0746,0.8196,9.3593,2.145832144877494
1060.6608,0.2308,5.8618,32.1611,96.9000,2.9081,6.4652,5.0150518079662145
574.6383,0.3926,5.4679,23.9111,88.8369,1.8046,3.7638,1.061590624171108
1733.5307,0.5137,5.7892,35.5292,119.1236,1.8980,10.7445,7.809007484482696
1623.1875,0.2879,7.2695,33.8227,59.4571,1.8216,4.5297,3.94594070252906
1384.0386,0.3020,7.6534,36.0410,61.9328,2.9902,9.0657,3.219763586211394
1649.4179,0.4493,7.4169,26.1085,105.7875,0.3522,1.8216,2.2184890307865577
817.6454,0.5276,6.4775,23.8720,41.4191,1.0818,5.8799,3.3182165633789085
1510.1297,0.3465,7.4830,22.1424,96.9073,2.5453,0.9500,2.876487874723363
1789.3748,0.4990,8.0175,36.9544,30.8678,0.1090,3.5135,4.134574656834383
1303.4469,0.3552,7.0939,35.0666,18.0191,1.5379,2.6012,2.011628035382217
1182.4135,0.3962,6.8962,22.4013,46.4007,2.5679,2.1043,2.7603379085659454
957.9304,0.1363,5.2752,27.0756,131.6364,0.3049,8.1683,4.939741069079835
1281.7785,0.4872,7.4565,29.5670,102.0434,1.9360,6.2907,3.794528835481977
775.1006,0.3353,6.1772,32.4024,126.1650,1.2904,7.2064,2.4223293048621013
1241.7638,0.2625,6.3107,31.1594,133.5831,1.2742,1.9335,3.699697577789633
929.6612,0.4555,5.2101,18.8919,51.8671,0.9114,0.2662,0.4
1494.5179,0.3134,7.9841,21.5410,48.3878,0.3244,3.4527,0.4
1268.8824,0.1769,8.0038,36.8536,45.2902,2.0729,3.6994,2.564720463867036
964.3893,0.2190,7.7729,30.8990,74.2249,0.4288,2.1176,1.2944866083217796
1566.7352,0.3801,5.4124,31.9291,63.8707,2.0713,3.2361,4.04315375998507
813.4292,0.3503,7.3174,21.1000,106.3157,1.8371,6.4743,0.4234973760345211
872.9960,0.3586,5.3171,23.9227,115.2028,0.7594,3.4881,3.45976823378179
1338.0081,0.1377,6.1027,15.9842,80.1661,0.3396,10.4428,1.382076942660008
1679.7674,0.4289,5.0673,27.9776,100.3528,1.8978,8.5296,4.522381705806367
1020.3009,0.3983,5.6055,34.5152,84.5840,2.8488,7.5706,5.722703275804718
1862.8199,0.3763,7.5731,30.9639,34.8759,2.7785,5.1656,2.6459711504817145
1193.6235,0.1176,6.1674,16.9160,135.4412,2.7941,2.8183,1.0636968873934414
913.2878,0.4765,7.6694,19.2902,19.7662,1.8612,9.5668,3.7795112795888697
460.2737,0.3558,7.2735,36.9874,125.2168,1.6121,2.2336,3.2272716324546455
418.0369,0.2016,5.0241,19.8696,91.0310,2.7388,8.8789,0.7256602190840677
1198.2896,0.5300,5.7070,19.8850,71.3023,1.8376,5.5663,4.709913901816339
1294.9619,0.1935,5.5809,32.4117,44.7335,2.2739,10.3949,2.609072609054603
583.9430,0.4960,8.0367,35.4424,47.6669,1.4006,6.3343,2.9984624810017175
782.6537,0.3003,5.1122,31.3039,29.8618,1.6442,2.3085,2.997140093390285
550.3170,0.1880,5.7249,18.8173,91.0967,2.9232,1.8686,1.6567472562600363
1407.0180,0.2847,6.0678,34.7086,24.4783,2.3080,8.0512,3.584166683595082
1779.2041,0.3077,5.4108,25.5934,47.1510,1.0905,4.2275,3.703340992565317
950.2175,0.4810,4.9375,21.2125,117.7337,0.8779,2.4352,3.2857869734928933
1738.2168,0.3610,6.4037,18.1892,95.4851,1.6487,6.8740,3.4429206048980405
1095.0623,0.4903,7.8151,36.3745,20.3484,2.0505,8.9802,2.301964713603243
1366.1997,0.4322,7.6498,26.0983,96.0754,2.9313,9.2580,4.612379967088959
1224.1661,0.3908,6.4477,23.3935,114.7655,0.5144,0.9875,2.18502446064546
1417.6442,0.2734,5.0584,23.3248,132.7824,2.2322,9.2700,3.089894124539284
1732.8845,0.5196,4.6705,32.6128,22.0068,1.6964,4.9337,6.702101177828761
1228.7252,0.4923,5.0220,37.2941,48.5304,2.5953,2.7995,4.524013281305471
955.3128,0.1551,7.8124,30.0213,104.8108,1.8281,4.7457,0.4
1647.2329,0.2504,8.1306,23.8703,102.4494,0.2284,8.1594,2.1095328924763646
1559.1297,0.2155,7.2091,33.9152,30.4697,1.0688,10.7282,3.3220311239866156
1105.3573,0.4039,6.1265,30.0207,85.0958,1.7641,6.6966,5.488322519665166
1580.7658,0.2454,5.0180,17.5882,123.6215,0.7326,2.8064,1.1001412123088081
1728.8978,0.3432,7.2957,30.5569,87.2847,0.3213,9.3103,4.046597246527941
828.1957,0.2984,7.1440,35.3838,108.7178,1.5465,4.6161,5.308131723638763
930.6988,0.3736,5.6888,15.6589,110.3226,2.3629,4.0566,0.7585707742267118
343.4787,0.3120,7.1904,37.1356,119.6127,0.8952,0.1050,1.3889752283051644
782.2910,0.4917,4.8071,21.9851,34.1473,2.5299,4.3082,4.41046244528586
1466.4872,0.3226,6.5049,33.1739,36.8334,1.8777,8.1729,5.217159052369437
739.0730,0.4651,7.7390,23.9969,81.4874,1.6283,9.0105,1.6756507556794886
1607.5832,0.3164,7.9272,27.0950,114.7190,1.2250,6.7687,5.208632838351724
1468.4364,0.4233,5.0159,26.9636,16.6903,1.0918,11.2435,4.288647465819885
378.8387,0.3122,6.8757,22.4624,89.3090,2.9781,4.8611,3.4046518493027436
1739.2095,0.5138,7.8568,29.7900,37.3059,2.1382,0.4721,3.0860174103848634
1737.5536,0.4616,8.0481,17.9538,35.5058,1.3440,0.6341,2.6379757225095157
1401.5873,0.1264,7.3865,18.4889,79.4819,1.0143,0.7355,0.8903056509249027
1838.4620,0.1809,7.8561,31.4929,120.0531,1.4317,4.9707,5.258471147232292
732.8619,0.3301,8.0988,32.3145,48.8484,1.2423,1.8002,1.8243411343460623
1756.2856,0.2854,7.1971,27.8443,122.6621,0.4234,3.6811,3.1885896601133688
781.5660,0.1235,5.6213,19.0358,132.0949,2.2788,9.9755,1.3092083845496343
1264.4306,0.2838,7.1085,27.1762,98.9952,1.6097,10.1324,1.2416186318924574
1505.6306,0.2703,5.7737,32.8205,48.1343,0.4331,2.0326,3.0907292936739514
750.4747,0.3148,4.8418,33.3415,90.1707,2.5258,11.8702,4.480242893970791
1215.4293,0.2348,6.3861,20.1680,110.4591,0.5031,8.5772,2.086044779124231
1330.1620,0.3287,6.4389,19.2994,41.2853,0.5555,2.4708,0.7142652767184421
574.5257,0.2965,4.8717,29.8716,117.7333,2.1176,2.8701,2.608338590885395
1396.8663,0.2819,7.7020,16.7545,27.7265,1.8084,9.8953,0.4
1580.4255,0.1771,5.6334,32.5627,53.0916,1.6894,9.1741,3.700060465911862
1468.8579,0.2887,7.0127,37.5605,43.8560,0.9326,5.0440,4.714137829908125
855.8960,0.4617,7.0140,19.0519,67.7556,2.1682,2.1841,1.7867184860309635
446.0148,0.2290,8.0114,30.1850,71.4977,2.7227,1.3473,0.4
568.4880,0.4271,7.8197,29.7759,103.4759,1.0525,2.4307,2.28683089795835
1348.6493,0.1762,4.9544,17.4890,132.0138,2.2969,1.3774,2.0501408918369957
650.4874,0.2041,6.2112,37.4005,87.5795,1.5663,7.7845,3.5423092529851385
1470.4719,0.1964,7.3150,18.0864,109.7817,0.8590,6.7709,3.313792813517095
1625.2520,0.2826,7.4118,16.4294,74.3880,2.2458,11.5465,1.2292590459138528
1444.8855,0.4193,6.5622,34.9481,82.2551,0.3805,0.5328,4.630095156212445
1460.5173,0.2067,7.0464,34.9269,55.9956,1.7911,1.3553,1.5449915186342602
1774.6763,0.3938,6.2938,32.9862,29.4722,2.7819,6.8555,3.730103419179966
793.7747,0.2330,5.5357,34.5365,111.4102,0.1972,10.7738,3.4264438779300077
920.5427,0.1181,5.6334,18.0739,34.8463,2.3622,2.2862,0.6294857558782467
423.7552,0.4001,5.7215,22.0125,83.1542,0.5662,4.7043,2.168586863080179
1696.9519,0.2811,5.3369,36.7931,22.7877,0.6717,6.0589,3.4539923481782724
765.6580,0.3823,5.5784,28.9383,49.2778,2.5478,5.7233,1.8785632578834566
400.3846,0.5105,7.3567,30.2176,54.4131,1.7326,8.0642,3.183502874845795
1184.4680,0.1464,5.1159,32.8745,99.1968,0.4266,2.1429,2.9360858213533727
746.3113,0.2947,5.4176,30.9089,109.8541,1.8572,11.6916,4.1189689017551405
890.2059,0.1379,5.1040,19.0738,78.5155,1.9246,10.8289,2.217433610650093
1029.0107,0.4557,7.7167,37.5293,22.1264,1.0496,10.0208,3.3152353083913577
1815.1222,0.2013,5.0390,22.3272,74.3256,2.0942,11.2536,3.294958987752567
338.9113,0.2436,7.6866,24.3636,110.1758,1.7662,1.2010,0.9291984853153634
1114.2561,0.4111,5.9321,35.5279,22.7769,1.5416,6.0997,4.966491958488379
1717.4701,0.4337,7.1717,17.5263,41.5672,2.6525,4.3325,0.4
1230.8529,0.1773,8.1744,27.2145,121.5277,1.6091,6.3362,2.191396918002583
943.8139,0.2596,6.5366,29.1999,120.4673,2.8709,5.4145,3.77807506659978
971.1897,0.3766,4.8574,26.5713,83.1891,2.8119,0.3650,5.11037477161494
1207.6297,0.1362,6.1792,29.4786,97.4645,0.0125,3.7822,3.8163704769192757
1561.8873,0.1836,6.9628,29.3456,29.5590,1.1652,1.6345,2.3546986637011345
1049.0734,0.3142,5.7401,23.7668,36.0360,2.9057,0.3333,1.514575399377641
1053.4170,0.2039,6.3655,32.4058,74.0000,0.1185,8.2921,2.30395662717097
1557.8448,0.2337,5.9690,32.1170,83.6340,1.7010,5.5628,3.2051961364906183
1834.3583,0.4020,6.3932,23.8842,101.6420,2.5722,2.2550,2.612951222777012
1523.9222,0.3711,7.9481,30.2471,36.6080,2.1935,6.9096,3.385413604273219
1146.1967,0.3418,5.8763,25.4031,126.5532,1.7063,11.4405,2.6125282375090713
1133.9793,0.1340,7.8132,36.4363,126.3301,1.1017,2.8004,2.549415165591683
768.0191,0.1988,6.6720,32.9570,103.2547,1.8168,11.1794,3.1718511176716477
1313.5040,0.2285,6.7567,19.2140,131.4164,1.4666,1.2666,3.612885241513342
1308.0229,0.1133,5.3140,26.8779,71.5679,2.7684,1.1340,3.4574350171177493
482.6239,0.3771,7.4249,31.4167,48.0516,2.5654,7.2417,1.9436120106778711
1399.3569,0.1324,5.8460,18.7121,103.6378,1.1562,7.1397,0.4320646370527823
1643.5076,0.1823,5.7327,28.7574,115.1357,0.4573,4.4673,3.1417516521861444
469.8540,0.3808,7.1279,27.7317,73.3488,1.5139,8.8847,3.063598433798888
443.0477,0.4996,7.7934,33.7581,133.9509,0.0783,5.4581,4.1847973991603125
1681.3176,0.2142,7.6700,28.4194,43.3815,2.2234,0.2617,1.3511871306141836
1085.4411,0.4472,6.1477,28.3155,78.0426,2.6120,1.7028,3.796899098149718
987.3687,0.3208,8.1925,25.6330,71.8067,2.0770,6.8628,3.5910403419583505
646.5759,0.5206,6.5984,22.2662,27.4552,1.1387,10.0108,2.5619806177578286
384.2966,0.2478,7.0318,34.9958,79.1841,0.3290,2.4697,1.5955939480964736
484.9401,0.1942,7.9209,33.2268,49.8844,1.1781,6.2496,1.941654584377995
953.6621,0.3224,5.1000,26.2842,81.2648,1.8111,9.0909,3.2037095629348564
974.6919,0.5111,5.6567,19.1013,38.0515,0.5113,5.6234,3.1583050063509663
854.5843,0.3005,6.0326,30.8126,80.5247,1.0236,7.7789,1.4340224066311866
1485.5689,0.2431,7.4393,22.5880,133.7045,2.0786,0.7768,2.681879215899117
1103.7482,0.3532,6.1347,17.7575,116.5185,1.5853,3.0485,2.129040026022549
1584.3045,0.3014,5.4879,34.1867,72.3488,0.5993,2.1420,3.2908909651813363
1841.0203,0.4188,7.8183,25.9278,136.9918,1.0745,5.6572,7.262027775201013
1193.3275,0.4889,7.7821,17.9292,17.5138,1.0329,4.0628,0.4
1530.8989,0.3124,5.7567,29.3503,20.4255,2.3771,6.5244,2.267035958783474
1698.8723,0.2448,7.2150,32.8452,41.2880,2.4830,11.6232,3.061397437835693
1207.4300,0.1421,4.7157,24.6519,36.7329,2.8550,5.6068,2.7559918814005875
1072.0258,0.2062,5.6828,34.7591,44.8359,1.0072,11.6186,2.9610400079074233
428.6834,0.2516,5.8850,18.4381,107.1456,0.4251,2.5013,0.5330935627582096
969.1244,0.5047,7.7247,26.7267,60.7322,1.5296,4.1338,1.4612353085235945
1336.4555,0.3797,5.2072,17.5709,125.8299,0.2870,7.4708,3.2482232870415064
456.0601,0.2401,7.6855,22.7499,136.5861,1.8445,3.6902,1.7771301779393673
560.5395,0.3663,5.9814,37.7517,118.9673,0.4436,7.5454,5.174351698177988
871.8512,0.1437,6.1151,23.3539,31.1463,1.5539,9.7465,0.4
1018.7385,0.1651,6.3534,28.1653,114.9885,1.4860,4.4468,1.2138944068801236
1102.2852,0.1437,5.5758,19.0930,127.0513,2.2280,0.6990,0.4
1650.4885,0.4416,5.0697,28.4153,97.5450,0.6115,6.4295,6.215965019438755
1646.1006,0.1863,6.1477,24.5266,79.0563,2.2789,10.4739,3.2266046315137062
512.8722,0.3736,5.4361,23.5268,131.6169,0.2750,9.5717,4.077816288459477
1844.0877,0.4179,5.1855,36.7632,36.5444,1.9755,7.5775,5.099723262094455
1780.8613,0.4616,5.7036,29.9328,72.3779,1.8383,10.4096,5.970180879080381
419.5259,0.1583,5.7855,20.8336,40.7741,0.5311,10.7159,0.577471694740926
1493.5128,0.4027,7.5777,27.3303,20.2595,2.9831,9.6186,2.1143622311671346
1095.9397,0.4919,6.0517,24.3573,137.6935,2.6832,8.4613,4.679174896913817
1039.1078,0.2305,8.2592,21.1542,88.7062,1.1433,6.5127,2.5253629920564706
778.2283,0.4959,5.2047,32.6324,46.9036,0.0055,3.3006,4.265759259675209
865.3749,0.1999,6.5000,16.3478,83.6271,1.3670,10.8391,0.7520558557652739
830.5021,0.3958,7.0809,29.1596,77.1118,2.6924,4.4912,3.3666191020472125
1545.7594,0.2752,7.5623,22.6959,124.8048,2.0027,0.5453,1.5256737390237884
1149.4238,0.3543,7.8048,33.3391,137.0009,0.7866,9.7752,3.294988437848658
958.8272,0.1586,6.6320,27.5425,123.0149,2.6091,10.9968,3.848813756579469
1025.8431,0.1747,6.0435,25.1111,108.7379,2.5603,5.8143,2.516811966366696
1552.3142,0.1505,4.8927,25.4586,34.9721,0.3653,8.4744,3.305186318233369
696.7317,0.3983,7.5921,29.3344,95.5268,1.6696,2.4356,2.28150789824093
1189.6787,0.2078,6.0052,25.4514,31.4271,0.9093,4.1719,3.0998248189577335
951.2292,0.5241,5.2767,34.6253,67.6470,0.8451,6.2281,4.9666029728350765
853.5022,0.4993,4.9583,24.1205,122.9384,2.0162,7.0094,4.112767407513944
587.1537,0.5114,5.7340,21.8686,33.8035,0.9488,4.5667,1.5698683869757217
804.1016,0.1805,5.3193,31.8784,74.9252,0.3319,10.8661,3.0238413929380377
1805.1796,0.3773,6.5952,36.7030,39.7320,1.0961,7.3236,4.324681593918019
795.7632,0.2462,4.6155,23.3944,36.3098,2.6315,9.3555,1.1157020698574593
884.9422,0.4675,5.9165,26.5958,130.7090,1.6524,4.2718,4.402664433565804
1459.4958,0.2349,7.6420,27.8372,31.1106,1.4233,4.0517,2.671520936257566
890.9438,0.1720,7.1005,18.6586,49.5831,1.1115,3.0317,0.4
1691.5654,0.1580,5.1012,24.7112,116.4198,2.4463,9.7453,4.584267194365417
1716.3569,0.3998,7.8539,16.7748,73.5766,1.3646,10.3230,3.028534925054084
1337.3462,0.1863,6.1848,27.2894,20.7522,0.3173,10.2818,2.3975777136594876
707.1965,0.1383,4.7813,25.6506,112.4312,0.6096,2.3883,0.4
1254.6969,0.2112,4.6697,23.0402,58.6851,1.0225,8.1470,2.4751491985565126
1140.4974,0.5120,5.8158,24.7930,110.4953,2.5103,7.5360,3.431349035549233
1052.2508,0.3857,7.9889,20.2790,20.8385,2.7434,3.6159,2.052624367154548
817.4238,0.3564,8.1915,19.4872,120.5081,2.5052,9.3289,1.7440746828815168
1074.0088,0.1170,7.2826,16.7850,25.6326,1.0165,0.6546,0.4
1710.2956,0.1552,7.9505,20.4673,135.1977,2.5175,1.7993,2.8133717375270644
1434.7969,0.3301,5.7220,28.9272,97.2943,2.8095,10.9917,6.552400283952682
1577.9477,0.3226,7.2346,30.9459,53.4690,1.5618,10.5798,3.7963208965014203
1769.2095,0.1174,7.5429,24.5192,89.6513,0.5381,9.0931,1.6974680934177098
883.8125,0.4335,4.7878,27.0128,129.8119,0.9296,5.9008,5.196246559880547
1042.0356,0.1534,7.5753,33.1372,81.4194,2.2063,10.4058,2.894993449509606
876.5544,0.4809,7.8755,24.4761,125.3521,0.2646,11.2053,2.991318742570519
1103.2828,0.4483,6.1451,32.6837,53.6427,1.8779,0.7067,2.392909896247573
1628.1593,0.4935,6.7438,20.5313,124.6258,1.3225,11.0277,4.864188294749714
1332.3183,0.4627,5.7078,21.8807,129.0419,0.7174,4.2375,5.180790116838724
421.7380,0.4546,5.0513,30.8585,67.7971,0.1398,10.3171,2.1271692939981537
408.7685,0.2043,7.3944,33.6088,111.4924,1.5046,4.5675,1.9150722002672445
1013.0132,0.4947,6.8320,28.2907,75.7240,0.5214,1.8376,4.176196413932606
1520.1127,0.3594,4.9997,17.2783,137.2859,0.9961,1.3440,2.7165554993334338
1325.2970,0.2478,8.1520,33.1059,44.9850,1.8133,11.3713,2.210296813213124
904.4817,0.3162,5.5405,30.3110,124.6102,1.1557,7.3626,5.666543749269008
611.7218,0.3708,4.7101,18.2440,76.7042,0.1775,4.0634,2.7739974264703364
422.1806,0.4576,8.0266,18.5578,20.3707,1.1081,4.8654,1.096500765105162
1086.3529,0.3095,8.1439,21.9117,105.1680,1.1532,7.4153,2.799132004366528
1543.3053,0.5245,8.0404,32.8263,129.1601,0.2027,3.8265,5.229053097019561
1742.1373,0.2438,6.4758,24.2912,116.0029,0.0517,3.5310,3.5915213636166348
1087.4843,0.4628,6.0293,17.6731,76.7711,1.1673,7.2931,1.8648039095120237
1537.0260,0.2940,7.0064,26.9837,104.5279,0.7408,8.5809,1.7474161432410988
1778.7508,0.3302,4.8621,36.4112,52.1581,1.2761,6.9254,4.600824248668982
971.9288,0.1503,8.1711,30.6074,76.1200,2.6956,8.5963,0.7360872596620209
1040.9357,0.4938,7.9915,26.8804,113.8143,2.5874,4.5454,2.9647327584014045
897.5196,0.2766,5.3849,29.9958,75.6612,2.9256,0.8930,3.488127706566675
589.0232,0.4031,6.3175,36.3530,87.5086,2.1754,11.4036,4.624784789476892
810.1744,0.2381,6.9397,26.5916,118.9136,2.7050,1.0714,1.96963337026915
1176.6912,0.2952,6.9017,34.4431,129.5158,0.9046,3.2435,3.677803814268424
1255.6275,0.3279,7.8849,29.7654,61.3849,1.0196,6.1105,3.0681512209351838
1684.6104,0.1594,4.6699,28.4301,54.8762,1.8631,11.4160,3.1699260288910653
919.2386,0.1601,5.3288,21.3617,110.0333,0.7065,9.4213,4.443318589696491
600.6395,0.2304,6.2804,21.5525,59.5427,1.8838,11.1286,0.4
962.5251,0.4716,5.9800,26.2889,84.1391,1.7038,9.7732,2.2607427383350878
1823.7911,0.1599,6.7697,15.6203,56.5733,1.9973,2.1101,0.4
911.2122,0.1320,7.9458,23.7020,28.0121,2.3033,6.4805,0.4
1393.9318,0.2565,7.4049,30.1365,123.5954,1.9899,9.7462,2.5368282720500916
1317.6706,0.5207,7.5973,26.0454,41.4063,1.6195,3.5174,3.715587963154232
449.5913,0.2765,7.5337,19.5981,106.1203,1.1087,3.8847,1.635990707692961
1398.1872,0.4410,5.0969,20.3196,64.0792,1.1449,0.5747,1.5562047867939524
1296.6173,0.3162,7.8613,19.3152,104.8574,1.7210,7.9690,2.974566599624212
1798.0938,0.1310,7.8808,30.2709,48.5995,0.5332,7.9619,0.8412312412310752
438.5035,0.4722,5.2417,36.5109,73.5601,0.8816,2.6921,3.622406056939787
1043.7094,0.2203,7.9343,24.2767,106.2409,2.1471,11.7254,1.7790439606900168
1765.9143,0.3867,4.8907,25.5597,36.2320,1.8292,3.3430,3.3958472167546794
1822.6672,0.2803,6.2124,32.5379,39.8897,1.4422,10.1990,4.171473382169003
596.6298,0.1581,6.1607,25.0923,63.3208,1.8789,11.3982,2.1451381870127477
1693.0056,0.1176,6.5423,29.6356,91.2371,0.3789,9.4193,4.246604697138757
1101.2823,0.2210,7.8806,36.5264,113.8124,1.8991,5.1117,2.917034362352852
1222.7385,0.1839,7.4724,29.0549,48.4273,1.8943,7.4855,2.0386787862021163
1222.2295,0.1846,7.4766,16.8977,47.0641,1.8628,10.8783,1.2932268428932518
1555.0976,0.5297,6.1925,18.9440,40.2675,0.7326,10.9617,4.5261617247498345
1474.7574,0.3226,5.1766,27.9548,116.7895,2.2208,7.6935,3.6178457066462295
1846.1661,0.1808,4.8605,19.4218,42.4209,1.6277,6.3491,1.3484347891360295
934.3744,0.1410,6.5080,28.8677,123.0574,0.0939,1.0490,0.8362226252782213
1389.3658,0.3512,4.6692,24.4598,101.2158,2.3242,3.1540,3.5394962193701396
583.9169,0.1537,5.0096,28.8638,70.1509,2.9623,2.1664,1.0410767762218167
908.1121,0.2671,6.2537,17.4228,19.4314,1.5152,2.6517,0.9656347823210917
1807.9800,0.5421,7.0523,35.7214,113.9860,1.3167,10.8162,6.454876921146174
388.5854,0.1388,4.9807,30.8086,119.8871,1.1137,5.7224,2.7777259454714818
1497.7406,0.4412,6.5040,29.1512,59.3061,0.9503,3.3990,4.070337068584338
1763.4264,0.2347,6.0504,37.6374,96.9349,0.5159,7.3120,4.2145913911597
879.8106,0.3642,7.3497,21.8263,47.0593,0.5229,3.6580,2.321882572137905
1172.1050,0.1498,4.6592,33.3697,73.2074,2.8632,4.6629,2.4569474054160136
651.6601,0.3099,5.5231,25.0841,88.0163,1.7328,9.2517,2.4840737787982765
1371.0766,0.4495,7.9671,29.0497,31.2789,1.1367,10.3912,2.7435682612409784
522.9851,0.3242,5.6893,27.3177,111.4369,0.6685,5.2252,1.1972969476813269
769.4117,0.1202,4.9424,25.0056,124.6493,2.3195,5.3387,2.1541484847164942
1370.8560,0.1362,4.7164,33.2780,67.3605,2.7911,8.7237,1.959893676306341
1116.5321,0.4295,4.9999,18.1115,70.0778,2.7167,4.1268,2.537155971840119
1180.4024,0.3155,7.4303,32.5975,80.6217,1.2489,6.6255,4.422286594355144
1339.3254,0.1335,5.9957,34.2413,94.9562,0.9017,1.1287,2.548065525711052
1746.1259,0.3090,5.5681,35.6540,53.6835,2.3656,4.5474,3.256020619595544
581.6193,0.1514,8.0935,35.4173,74.5929,1.4477,8.5520,1.7699182377159657
1296.8391,0.3472,5.6101,17.9899,114.0361,1.2509,0.0518,3.2600500395328935
688.3424,0.3908,6.2174,22.9010,132.0837,2.7050,11.5878,4.308422281713654
1466.8131,0.4152,7.3922,24.9700,43.6500,1.4890,4.4159,1.8639113636309639
540.4620,0.2940,7.3846,36.5391,116.1640,1.4905,2.8841,1.5521028027713082
970.0870,0.1414,7.4658,23.8399,70.7836,1.4795,4.8664,0.4
1122.4476,0.4460,7.0271,16.5651,20.9849,1.8554,1.3401,2.1742199283203583
1481.6006,0.3331,8.2573,19.2471,99.9025,1.8249,10.1379,1.7985637677779125
818.9002,0.3158,6.3399,19.7849,113.9453,2.9968,9.1388,3.803137115843741
1442.4927,0.3527,6.4391,19.6818,126.0009,1.0990,9.3268,3.4940852714760693
1500.6861,0.2462,7.1676,23.5417,86.7766,2.3250,11.0780,2.0360809873237153
1376.2781,0.2332,7.6828,31.4158,18.8151,0.2576,2.8716,1.9116386776846777
1703.8730,0.5129,7.8903,29.9716,70.3549,0.7807,3.6980,4.998035570663636
1789.0722,0.4822,5.3536,23.9344,40.8249,0.8467,5.4506,4.843243755685122
578.9297,0.2540,7.0211,19.1548,22.3889,1.4911,5.3060,0.4
1097.5765,0.4265,6.5348,17.2926,14.8751,1.8849,6.5104,0.6617529028696602
1007.7024,0.4056,5.3840,17.1941,80.3284,0.0396,11.1820,2.929438992279234
1435.7572,0.4956,8.1087,29.6687,48.0899,2.5263,11.1958,3.5663887839342787
423.9377,0.4374,4.6200,29.5467,99.2103,0.2745,4.8882,2.933429422133301
1869.1012,0.5104,5.6697,27.3417,135.6697,2.5002,5.5353,5.522330168897613
1552.8171,0.5045,6.6477,31.1492,110.9116,0.3709,5.6596,5.8048602317368845
1594.5907,0.2559,6.6862,22.6568,33.5496,0.9457,5.3658,1.6134290592531753
701.7240,0.2245,6.3723,28.9256,109.4367,0.0884,0.6920,0.7096476426968846
1517.8902,0.2379,7.8209,27.8562,93.5693,0.8925,3.8748,1.5002221284388981
476.5615,0.5140,4.6738,30.0398,77.9721,0.3239,9.5863,4.913210906466684
936.7832,0.2100,6.1538,24.1783,127.1154,0.7598,6.2680,1.252467052795261
1423.9319,0.5005,5.0893,17.3577,77.3474,2.8407,7.2174,3.8498496838355516
1684.2297,0.4663,6.6626,21.9061,80.1759,1.9788,6.7559,4.550896733647229
442.6578,0.4286,7.5295,17.8334,75.8272,1.4668,2.5369,1.6257235682234374
1088.1819,0.3407,4.7869,16.0801,99.1385,2.8570,3.0128,0.789747650610667
730.8710,0.3509,8.1426,30.5251,68.8312,1.9142,1.2760,1.7077554697022952
1020.1315,0.4408,4.7963,25.5446,71.2206,2.7709,10.4128,3.2173408805969235
1289.1819,0.5227,8.0844,18.7100,15.4080,0.8905,0.4097,2.1310213471513175
1749.6941,0.4290,5.2410,37.2821,30.9437,0.2880,10.8931,6.442888120561979
1815.4224,0.1938,7.7405,23.9099,66.2847,0.5797,10.7473,1.8062714745458908
1542.7298,0.1182,6.1419,27.8430,18.7253,2.7549,8.9253,2.1526530856556017
611.0043,0.4955,7.9013,21.3435,102.1360,2.6757,6.2286,1.4612151549858927
845.3006,0.4746,6.0601,34.4407,55.1577,2.7212,1.6870,3.1245808729189384
1396.8421,0.3445,8.2208,35.4884,111.6676,2.5418,7.0899,3.371811801708981
1488.8274,0.1899,5.9774,33.2790,30.8985,1.7081,1.3554,1.0633230422977171
1401.8866,0.4253,5.2719,35.3683,23.7701,2.8857,11.1500,4.345124864191348
708.6651,0.1498,5.3464,22.6759,42.6851,1.4363,6.4196,0.4
511.9466,0.2261,5.3793,15.5467,111.9402,2.1173,8.7039,1.872343274979455
1520.4472,0.3869,5.4118,24.3446,83.0389,0.7838,6.5309,3.4874740754663276
1090.9420,0.4847,7.2333,33.7790,85.9614,2.5107,11.5663,4.6793679871582565
1083.5084,0.3005,7.8708,21.0996,40.9421,2.2141,4.7744,0.4
1443.3821,0.1103,5.3963,36.1624,48.3794,1.1340,10.7221,2.943816156751728
1278.7511,0.1690,8.0004,23.0291,119.2859,1.7486,2.2107,1.2273427306670712
1279.4632,0.1476,7.9721,27.0010,56.0559,1.6834,8.0477,0.4
1142.3626,0.2150,6.5847,26.7204,86.8199,1.5496,4.4271,2.451121021365043
1640.0724,0.3850,8.0295,25.9001,111.7807,2.0556,9.1074,4.730405527279441
810.3345,0.2139,7.2977,24.2222,119.4660,1.1368,6.5876,1.4848297934732964
973.7325,0.1308,7.6376,33.0091,88.4959,0.7519,7.5020,1.2961051670448052
548.9213,0.4845,6.7589,33.7624,25.5494,0.3453,1.8437,3.4725201885151797
1419.9881,0.3018,4.9543,33.2578,76.7280,1.5334,5.5688,3.409133146854355
1323.9611,0.2003,7.3597,19.9154,92.0381,1.0035,10.3288,1.6947311134174383
1614.8219,0.4854,4.9799,17.7609,71.2396,1.0562,7.5837,2.3124044792131797
566.3824,0.2996,5.4731,21.1185,67.3716,0.7118,10.3864,3.0482597410694017
420.5085,0.2480,5.0549,28.2221,91.6452,0.9798,0.5830,3.028519022495793
961.6537,0.2731,7.5394,34.1890,59.3056,1.0826,7.8871,1.98160729807908
845.9377,0.5399,6.5455,29.0513,86.2607,2.8142,10.1274,3.3910437660655712
1428.3203,0.1496,7.4921,37.2473,100.4124,0.2616,0.4523,3.7387903561887437
751.8878,0.2253,6.0923,30.1093,80.5956,0.7335,6.2181,1.8655228285803807
1277.7188,0.2159,7.3778,29.7194,130.2236,2.6839,10.9028,1.6463906529671808
1695.8212,0.1351,4.8379,25.7746,34.2967,1.3948,8.1263,0.9236831426712808
1333.2116,0.1717,6.3778,22.8806,46.3954,2.0050,10.3190,2.276192869499826
951.4263,0.2299,4.9268,32.3597,122.7600,2.4968,9.0901,3.5237294393845056
1517.6410,0.3324,7.2795,33.8254,50.1025,1.9657,2.8326,5.090588886368741
840.2205,0.2628,6.3559,17.9805,28.1546,1.7765,5.0770,0.4
350.3619,0.3518,7.0512,32.4142,98.2107,1.0872,10.1351,2.253209208123217
1164.5018,0.2688,5.0094,18.8052,50.6255,2.3062,2.5424,1.7816617693552865
862.1772,0.4561,6.9900,28.8368,118.0279,0.6773,6.5513,3.845962824232319
1462.2496,0.5174,5.1107,18.2869,37.2752,1.4293,6.0664,3.4029471171014887
1748.5294,0.3109,5.2954,36.4500,74.1615,1.3932,6.9327,6.616082891722006
1701.6127,0.4831,7.8697,32.5697,90.3561,1.8637,2.4416,3.407653310197759
546.7247,0.1238,7.7910,16.3463,79.1023,1.4972,11.8085,0.4
1278.7508,0.4796,6.3886,19.6817,37.9758,1.1868,1.2037,1.1495645168138824
1670.4820,0.4555,5.8409,27.6724,108.9968,0.2073,1.9565,5.0784857288445
473.0536,0.5120,6.1953,22.2166,40.0909,2.8799,9.9733,2.543349112494331
478.2481,0.4897,4.9013,34.0613,118.7799,0.1014,5.5415,4.727588151085031
560.5027,0.4005,5.8266,18.4267,87.9794,2.9404,0.7052,1.5212673033107074
1188.5364,0.1183,6.9078,18.8265,25.8162,1.8723,6.3455,0.4
1400.5036,0.2633,7.0594,31.1083,74.1961,1.9343,1.2042,3.0649822386634495
1159.4148,0.3605,5.7693,19.0448,67.8602,0.6165,3.0970,0.9223170715721685
922.2030,0.2551,8.0080,21.5270,94.2507,1.6308,6.2058,0.8564779640266411
1117.7621,0.1204,5.8797,16.2273,115.4683,2.5388,6.5008,0.6446061843581496
1121.0355,0.5054,5.6564,35.0491,67.9144,0.1427,2.3122,5.300343964615973
1512.0376,0.2327,6.2377,30.9689,112.1293,0.0534,11.4739,4.126505764921963
1306.0917,0.1494,6.1970,36.5249,82.5736,1.2853,11.1932,2.111728634170875
763.6650,0.2467,7.7181,18.1778,36.2982,0.8065,1.1509,0.4
656.8149,0.2838,6.3314,22.7061,74.8014,2.2036,4.5691,2.1966240791011415
1132.7641,0.3641,7.0060,28.6867,102.0559,1.7857,1.9447,3.0104622004646533
962.3030,0.4558,5.0215,25.3933,67.9084,1.7190,4.9987,3.8337082649574667
440.8850,0.4535,7.2943,28.5751,59.1693,1.8345,3.0133,0.7015744926806664
418.3630,0.3304,5.5668,26.7686,55.1050,1.2827,6.0789,2.835011660869103
1456.8589,0.4880,5.2633,28.3571,32.6312,1.0196,9.4817,4.684641380827734
801.1885,0.3617,7.6222,28.7348,121.7679,0.4267,7.2793,3.2027293584221654
1123.7461,0.4196,7.1414,25.3303,80.0460,0.3576,4.2780,3.972075211146144
930.8153,0.3871,4.8358,24.4469,105.6447,2.1686,9.8800,4.3685220786676835
1224.4259,0.4752,8.0548,34.8279,133.8196,0.6330,4.4039,4.355713196272548