amount,merchant_risk,txn_frequency,account_age,location_risk,device_risk,txn_hour,prior_fraud_score,is_fraud
1706.6706,0.4921,23.2614,4.6934,0.9084,0.9360,11.0802,0.8463,1
1167.6484,0.6117,36.3471,4.7499,0.9888,0.5730,19.3835,0.7026,1
2119.9650,0.3003,25.6099,7.0772,0.1411,0.9217,13.9814,0.0605,0
234.6276,0.3717,24.7232,9.0300,0.3516,0.1131,3.1454,0.4595,0
981.8708,0.4033,33.3474,3.3534,0.5276,0.9510,19.2076,0.1100,0
1330.4248,0.9873,35.6904,8.1656,0.0902,0.2819,11.4608,0.1336,0
2074.3956,0.9882,4.9951,1.0974,0.4481,0.1421,6.7195,0.5343,0
1557.4520,0.7626,15.6130,10.1557,0.0245,0.2374,4.5257,0.6708,0
907.9431,0.2183,1.3339,8.8689,0.5978,0.2058,14.0697,0.2206,0
455.9975,0.1807,30.4113,7.5482,0.5806,0.9640,11.0418,0.3737,0
175.4516,0.1085,16.6684,1.1286,0.1465,0.9825,13.2646,0.8680,0
1750.8689,0.6545,40.1594,9.2604,0.6405,0.2009,11.8403,0.8107,0
2006.9410,0.6721,2.2379,7.6369,0.0472,0.7777,7.0778,0.2853,0
1738.2925,0.6916,29.4937,1.9154,0.7021,0.3477,22.6465,0.6366,1
2361.7494,0.7735,30.0339,1.1252,0.5864,0.5926,24.0226,0.0900,1
992.2220,0.9657,2.8409,11.3862,0.8565,0.8005,8.9583,0.2670,0
1970.0313,0.1912,8.6760,4.3015,0.4763,0.0140,16.2652,0.8366,0
709.6668,0.8848,21.5347,8.2039,0.8762,0.0644,3.2233,0.8304,0
2371.3948,0.8770,15.7677,0.5948,0.9797,0.8107,3.5763,0.4154,1
295.5368,0.2628,12.8758,7.6068,0.8085,0.7341,10.7920,0.3666,0
767.0159,0.5344,12.8527,8.0616,0.5065,0.3538,19.6869,0.4892,0
2399.9865,0.9674,24.4733,7.2105,0.5831,0.7724,6.6652,0.3583,1
444.9184,0.5468,32.6674,2.3560,0.9728,0.9976,17.4796,0.7338,1
1915.5124,0.0210,4.9158,6.6853,0.5319,0.1494,18.4186,0.9746,0
2049.9040,0.9443,2.6996,11.2640,0.1068,0.2346,13.0388,0.4628,0
85.5020,0.6393,4.1535,10.6816,0.8584,0.6880,11.3175,0.1182,0
1725.8740,0.7048,11.5660,9.6818,0.7816,0.4821,9.4680,0.4865,0
747.0625,0.5340,23.2553,1.6795,0.6852,0.6940,3.5985,0.3605,0
312.8583,0.6308,15.4830,2.5420,0.9870,0.6597,5.1946,0.6167,0
1886.1519,0.2870,35.7902,0.3696,0.7936,0.2535,5.7093,0.5308,0
1613.6709,0.6027,12.8015,5.8178,0.2408,0.2157,14.7477,0.4166,0
420.4301,0.6712,26.3246,1.7412,0.6364,0.3343,3.4397,0.4799,0
1983.1300,0.1425,30.9371,8.4429,0.7567,0.8280,15.9616,0.1783,0
485.6942,0.5677,29.5125,9.3471,0.1099,0.7286,12.6391,0.2698,0
1560.6841,0.6379,4.1831,7.0083,0.1455,0.6656,17.6487,0.8848,0
1555.3804,0.3438,3.6288,11.9836,0.0555,0.5421,13.9496,0.1233,0
1797.0919,0.3161,25.6284,10.3654,0.5226,0.4854,5.3717,0.8045,0
1284.5812,0.8709,3.4364,0.9961,0.9215,0.3965,18.2901,0.6845,1
1651.2189,0.8774,10.3552,1.0186,0.0877,0.0505,22.0852,0.4701,0
249.1994,0.7887,25.4957,5.5030,0.8925,0.2657,22.4805,0.3147,0
2032.3459,0.9823,16.1741,11.1827,0.3674,0.1764,3.9810,0.6895,0
959.3010,0.3915,10.7302,1.0644,0.2808,0.5816,12.8964,0.0458,0
2193.2640,0.4384,40.0105,10.4207,0.7899,0.8438,1.9825,0.3581,1
1358.6506,0.9597,27.2347,2.3912,0.5263,0.5787,0.7084,0.1451,0
611.4523,0.2602,3.4216,0.4843,0.3781,0.9951,12.0038,0.2499,0
2101.8631,0.6487,26.4578,0.9171,0.6479,0.0433,1.1617,0.7135,0
94.0104,0.3034,19.9297,9.4207,0.4860,0.9325,17.0319,0.2747,0
1068.7404,0.2059,18.0085,5.7130,0.6403,0.6868,6.5326,0.0766,0
2097.9597,0.4092,5.0242,6.0468,0.8236,0.7269,3.7323,0.2594,0
1469.8154,0.5627,33.1733,2.3814,0.2338,0.8178,13.9969,0.3938,0
1183.2347,0.0783,22.2449,1.0761,0.6026,0.1272,10.7431,0.2746,0
2066.3103,0.5882,25.7865,6.0278,0.7576,0.9220,7.6413,0.4640,1
1942.0338,0.5031,15.4288,8.1524,0.5789,0.9467,18.8859,0.6807,1
1012.6976,0.5159,19.0919,10.0458,0.8276,0.7520,3.4968,0.8098,0
537.2155,0.2822,36.1716,10.2596,0.9307,0.7297,16.9013,0.4949,0
1965.1955,0.2439,24.7626,4.1114,0.7450,0.3203,5.8594,0.5055,0
526.3634,0.2583,8.2984,0.9044,0.0162,0.1993,19.8202,0.6922,0
2063.2397,0.3478,13.5190,5.8198,0.9678,0.8195,11.3924,0.2278,1
476.2579,0.5623,31.8968,8.1520,0.1471,0.2928,18.5230,0.6782,0
2236.3827,0.4956,6.2678,3.4790,0.1536,0.6435,18.2562,0.4882,0
524.7460,0.7088,13.7506,3.8740,0.1337,0.7946,0.3848,0.3351,0
890.5555,0.2752,20.8834,10.4458,0.8576,0.1008,9.8322,0.2866,0
1168.0506,0.2560,1.2581,1.3728,0.7193,0.7483,14.6134,0.2964,0
234.9691,0.6366,16.5226,0.3080,0.5031,0.9423,6.1769,0.4791,0
1355.0128,0.0643,3.8933,6.2433,0.8903,0.1643,17.4199,0.2739,0
100.6181,0.2398,23.5883,6.0510,0.2474,0.6715,4.4709,0.8484,0
1082.8595,0.0594,33.4165,2.5159,0.0253,0.7102,10.1003,0.0794,0
1749.9025,0.0511,21.6643,5.5779,0.5757,0.9573,15.3712,0.9175,1
1222.4797,0.8645,19.5232,11.6479,0.5476,0.2308,14.2186,0.7915,0
1638.6471,0.6510,26.6914,5.6645,0.2437,0.0009,3.5185,0.7865,0
170.5359,0.7507,12.2357,10.1443,0.6193,0.4303,10.2318,0.6614,0
744.0911,1.0018,17.1854,1.8044,0.7558,0.1084,2.6232,0.0349,0
388.0178,0.9240,19.0371,2.0593,0.6652,0.0433,1.5887,0.4188,0
1459.6807,0.1634,27.4035,9.2870,0.5955,0.4806,17.2415,0.7060,0
1851.0633,0.1719,10.9954,0.0787,0.8460,0.0113,11.3552,0.0521,0
1363.8885,0.7068,15.5856,0.5946,0.3118,0.8395,8.0805,0.5303,0
2375.8885,0.2023,38.1801,11.9103,0.7817,0.5961,15.4502,0.4589,1
310.4720,0.8323,15.6137,11.8356,0.5025,0.1181,2.3913,0.8377,0
1982.2829,0.2369,37.0571,7.2454,0.3164,0.1473,6.1939,0.7584,0
391.2636,0.3222,29.4354,8.7952,0.7344,0.1894,22.0688,0.0071,0
1975.0669,0.7444,36.2433,4.8737,0.7936,0.5221,10.3675,0.2661,1
1996.4438,0.5828,10.5702,4.3999,0.9269,0.2459,22.9662,0.2016,0
1425.7583,0.5044,5.6213,5.0354,0.9973,0.3026,16.6281,0.1253,0
238.7674,0.6392,18.2973,0.3540,0.9872,0.7661,11.8640,0.2203,0
1410.4395,0.0918,21.8880,0.7995,0.2700,0.1154,6.8115,0.0137,0
336.8023,0.1563,16.5638,6.9536,0.6382,0.1569,11.3892,0.9065,0
923.4428,0.3408,26.7428,10.5543,0.8404,0.0584,11.1926,0.6127,0
401.5866,0.3562,13.2408,11.9748,0.7590,0.3109,1.4164,0.2407,0
810.1317,0.9702,3.0621,11.1067,0.8806,0.7215,19.7261,0.5348,0
1063.4098,0.3177,20.9386,10.9360,0.7304,0.9701,15.6797,0.8636,0
2214.4847,0.4366,28.0785,0.6196,0.1761,0.7568,23.0071,0.3302,1
751.9457,0.5437,7.7103,0.6863,0.3940,0.8413,23.9300,0.5931,0
1257.2622,0.9966,31.5799,3.7243,0.5455,0.0773,9.5442,0.4366,0
1556.5877,0.9686,27.8034,0.1551,0.6467,0.7509,15.7399,0.4909,1
1239.1626,0.9422,36.3264,9.9882,0.9161,0.4122,6.1564,0.6460,0
1185.7460,0.6699,27.5221,5.0019,0.8548,0.1329,15.8201,0.8714,1
62.2160,0.2513,2.6741,8.6207,0.8785,0.4754,14.3016,0.9541,0
2207.7199,0.6401,2.0330,10.4304,0.9079,0.5777,2.2601,0.4164,0
1209.0022,0.6644,21.2773,8.0499,0.4527,0.3247,17.8464,0.4028,0
900.7271,0.4989,10.2317,10.9614,0.7263,0.9234,6.4668,0.9303,1
1682.8927,0.5349,10.8363,1.2244,0.7553,0.7334,16.1158,0.6388,1
1173.9716,0.3064,20.4970,8.0991,0.9068,0.7977,12.4257,0.2324,0
2208.3868,0.6937,39.8276,5.6444,0.5841,0.5663,0.3032,0.5475,1
797.5439,0.2788,1.5239,10.2174,0.4344,0.6505,6.7840,0.0868,0
901.1952,0.5181,16.2429,2.6381,0.2240,0.6934,3.7653,0.9320,0
825.7360,0.2754,16.5353,1.1022,0.8754,0.4460,7.6350,0.7739,0
1731.5184,0.8799,10.0578,0.5756,0.4691,0.2518,6.1111,0.1181,0
791.9346,0.2733,7.2136,5.5551,0.7806,0.6097,10.8958,0.3690,0
1764.6850,0.2893,10.9889,4.1533,0.2861,0.4764,1.9364,0.5203,0
1349.5704,0.6174,35.5718,5.7890,0.8641,0.4273,18.6488,0.9212,1
619.0889,0.4172,37.1968,9.7348,0.0237,0.9119,10.2884,0.1263,0
1378.3660,0.9803,11.9053,11.7899,0.9097,0.6821,2.4748,0.2867,0
800.2818,0.8090,27.4929,11.0734,0.7284,0.5757,22.3241,0.5854,0
1174.4266,0.0502,6.8967,3.2752,0.7246,0.7122,20.1119,0.8690,0
248.1768,0.7212,29.6291,4.3995,0.2706,0.1356,16.2640,0.9609,0
887.5318,0.5742,19.0654,8.2639,0.1427,0.6625,1.5198,0.2847,0
596.3403,0.3275,8.1357,10.9146,0.8540,0.4480,6.6470,0.5990,0
2343.8261,0.6607,20.5131,8.5782,0.5572,0.1097,3.8086,0.8501,0
1872.2078,0.2290,35.2543,5.8706,0.4839,0.7111,1.7904,0.5736,0
1932.9138,0.4658,21.7595,8.7851,0.0032,0.4937,8.8770,0.0957,0
1067.8827,0.1132,19.5426,0.1584,0.1883,0.8502,9.4332,0.0932,0
2084.9744,0.5618,5.5119,5.1837,0.2613,0.5855,4.2411,0.5793,0
1786.1313,0.6254,28.3726,7.6396,0.0599,0.7516,14.6301,0.4762,0
1521.1749,0.0466,32.2626,4.1161,0.1173,0.4211,5.7246,0.3977,0
553.7846,0.3909,7.5603,6.5650,0.7533,0.4677,9.6749,0.2477,0
295.7687,0.7661,25.8350,8.2238,0.4331,0.0965,1.3724,0.7946,0
968.9353,0.1435,28.4195,5.7811,0.4954,0.8747,14.5158,0.5166,0
1973.0630,0.4261,20.7494,3.2186,0.1561,0.9014,8.6730,0.5518,1
2159.6803,0.3381,5.1954,4.5960,0.9200,0.1066,14.8384,0.5180,0
2216.3972,0.6852,30.8995,3.1975,0.6894,0.0697,6.7488,0.4932,1
1207.4796,0.8845,13.2929,4.3767,0.3107,0.3304,2.4898,0.1938,0
361.7038,0.5792,24.1701,5.0074,0.4360,0.1496,18.2180,0.1319,0
1403.5918,0.3158,18.4361,9.1260,0.2059,0.2993,15.8582,0.4491,0
793.2000,0.0316,14.0098,11.7402,0.1031,0.2683,5.9303,0.8786,0
1893.8633,0.3995,10.7243,0.4057,0.0032,0.6401,21.9453,0.8147,0
856.3459,0.6771,21.3334,0.7766,0.9105,0.2409,7.3682,0.0700,0
2358.9827,0.4417,7.5744,7.1650,0.8479,0.0411,13.1699,0.5879,0
98.2148,0.7472,38.3806,2.7789,0.3291,0.2969,13.7396,0.5301,0
1922.6659,0.5407,33.4758,11.6730,0.9140,0.6628,3.0920,0.8420,1
510.6402,0.0896,37.8588,8.7198,0.3681,0.9938,18.8287,0.9433,0
586.3354,0.9958,3.3846,4.2851,0.0362,0.2951,23.2368,0.5668,0
1375.2769,0.0768,18.5435,5.0499,0.4720,0.0333,4.7857,0.8583,0
314.0595,0.2488,16.3936,1.2977,0.9759,0.2494,1.9645,0.9214,0
1863.5420,0.3328,34.7577,3.3562,0.7437,0.2731,2.2777,0.1952,0
1357.6377,0.7846,11.9745,1.7059,0.0976,0.7020,11.6063,0.8067,0
1446.4795,0.3698,8.9028,1.9072,0.5202,0.8727,7.3867,0.0524,0
694.1041,0.0096,23.6147,4.6927,0.7163,0.5306,8.2461,0.7804,0
1735.5365,0.7895,8.8564,10.6819,0.9204,0.8283,18.6376,0.6620,1
1094.1139,0.8644,26.9616,1.0680,0.7392,0.1796,0.7405,0.9248,0
471.3937,0.1852,23.5765,7.5259,0.6465,0.6217,18.4803,0.4666,0
2102.1705,0.4508,5.3592,0.3655,0.6888,0.9546,4.1209,0.5008,1
1918.9407,0.2072,8.0139,4.8411,0.1255,0.6114,22.0902,0.4374,0
714.7555,0.3325,2.8165,7.4826,0.5482,0.2569,17.5060,0.6964,0
548.0736,0.8312,16.3710,0.4490,0.1988,0.4158,4.9418,0.6042,0
1694.4213,0.1035,7.6313,0.6718,0.1061,0.5752,3.0338,0.2125,0
667.9289,0.0369,11.5057,9.5420,0.7243,0.0963,10.8719,0.5411,0
370.7049,0.4899,13.2097,2.7940,0.7358,0.1339,14.1697,0.8354,0
90.4529,0.0509,38.1551,10.2114,0.1947,0.2567,4.7131,0.0391,0
1385.2863,0.0400,8.2684,8.8916,0.3264,0.1196,5.3612,0.9077,0
2321.5672,0.6159,37.8917,0.5978,0.0011,0.7513,16.9895,0.3402,0
2408.0699,0.9534,6.1399,2.5513,0.8932,0.6466,8.3454,0.0538,1
1354.4338,0.2887,21.0927,4.3657,0.9977,0.6135,22.0702,1.0048,1
2126.0219,0.0768,5.2292,11.1989,0.0679,0.5595,7.6177,0.6767,0
94.8172,0.4882,31.6161,10.6729,0.9731,0.6543,8.8509,0.8050,0
429.7359,0.1112,16.9505,2.7378,0.1203,0.5664,5.8538,0.8110,0
91.1736,0.9440,3.5551,1.0354,0.7135,0.1169,24.0139,0.5160,0
373.3332,0.1932,17.9263,2.8580,0.4449,0.2454,9.6933,0.1013,0
1840.4264,0.9262,30.1914,2.3563,0.7798,0.4348,12.6710,0.8850,1
1750.9087,0.9190,29.0304,5.6797,0.1975,0.8164,10.6241,0.3390,0
2033.3166,0.2127,1.7079,9.8853,0.5458,0.7150,7.1804,0.6948,0
226.8098,0.8576,38.0003,3.6828,0.9416,0.1299,3.6898,0.2823,0
1626.8993,0.6235,27.4815,12.0421,0.3997,0.2817,14.2361,0.2825,0
2223.6409,0.5430,2.5472,1.8428,0.5636,0.8809,21.5603,0.2099,0
2101.2845,0.2179,26.8901,0.8642,0.9572,0.3047,23.3919,0.3238,1
1931.8381,0.3592,34.4274,5.3313,0.5818,0.4655,8.7260,0.7348,0
1263.3715,0.5307,3.7641,1.1029,0.9193,0.4157,23.9044,0.0207,0
1988.0659,0.0950,17.9591,0.5000,0.9149,0.8048,5.3926,0.2910,1
2308.1520,0.2461,23.0833,7.6493,0.7098,0.0462,6.8363,0.2618,0
477.0944,0.2436,28.6883,3.6106,0.2863,0.0593,10.5194,0.8239,0
729.1398,0.6379,36.6735,0.4387,0.0241,0.1216,1.3097,0.1717,0
150.2021,0.3168,19.0826,5.0381,0.3406,0.5585,19.3705,0.5465,0
345.7940,0.8844,30.6142,5.5159,0.2588,0.7794,8.2152,0.7298,0
476.3984,0.5307,30.3305,11.3928,0.1317,0.9998,2.3977,0.6511,0
759.9969,0.9682,5.2230,1.3003,0.9514,0.7006,0.6364,0.2622,0
845.7904,0.6297,39.6840,4.2139,0.3179,0.2902,18.0960,0.0566,0
196.9310,0.4188,24.7402,10.1556,0.6890,0.7077,0.4553,0.0110,0
991.3708,0.1280,26.2880,2.4124,0.1217,0.8999,19.8561,0.9389,0
1237.2933,0.0646,33.5445,7.0393,0.6094,0.4031,1.4453,0.8018,0
1757.1844,0.5484,13.3727,8.3470,0.9842,0.7222,18.0070,0.0072,0
1638.1203,0.5723,30.6952,6.2481,0.0496,0.4305,13.7491,0.5646,0
53.4308,0.1132,33.3685,10.8960,0.0667,0.7936,9.7541,0.6493,0
1954.8102,0.0111,25.1699,2.9013,0.5356,0.3998,13.4982,0.3257,0
1016.4668,0.3256,37.9733,9.8561,0.7925,0.6985,4.9007,0.8985,0
793.8601,0.6444,36.7789,9.5976,0.8228,0.6085,13.8863,0.1519,0
313.5786,0.8861,30.0370,4.0214,0.7188,0.1249,18.9792,0.0994,0
1850.1081,0.2014,23.4401,11.3269,0.7619,0.7440,22.7030,0.6495,1
900.5913,0.9134,4.8554,4.0940,0.8919,0.6642,6.1160,0.9072,1
2300.6247,0.0623,14.0975,9.2921,0.1649,0.3944,18.3237,0.2872,0
186.3153,0.8486,12.7972,6.6292,0.5271,0.7893,12.2415,0.1560,0
878.7937,0.0936,15.5562,9.1394,0.4146,0.6619,10.1823,0.0325,0
867.7838,0.5244,35.0814,9.2220,0.6309,0.7395,20.6283,0.1692,0
810.3279,0.1631,16.9451,1.0273,0.2794,0.4578,19.5513,0.3084,0
1019.1722,0.5242,36.1778,1.6614,0.4894,0.2862,17.0120,0.3743,0
1329.8172,0.7122,8.6218,1.8891,0.3744,0.7712,8.0766,0.8189,0
542.5702,0.8175,21.8544,2.6602,0.2945,0.4756,9.1312,0.2427,0
778.8684,0.9473,2.4723,0.2521,0.2819,0.4110,18.4978,0.9656,0
70.1630,0.1705,17.8918,0.7753,0.6041,0.3304,1.2066,0.8421,0
1212.7120,0.7376,19.4110,6.6919,0.3430,0.7479,14.3673,0.7747,0
1068.8810,0.9443,7.3376,9.3259,0.9184,0.3917,9.7719,0.4240,0
2288.0595,0.4123,35.0226,0.5639,0.4921,0.0081,20.8420,0.8799,1
2049.6420,0.8183,4.9315,4.6211,0.4035,0.2007,16.8237,0.6477,0
1504.9984,0.0659,14.4700,7.7557,0.8997,0.5064,15.7809,0.8899,0
1689.4919,0.0207,26.0601,10.4807,0.8810,0.1625,23.6300,0.7014,0
2255.7838,0.5677,12.9604,8.2948,0.5773,0.0147,3.1378,0.5822,0
670.1915,0.4293,33.9286,4.1909,0.7634,0.2479,8.4444,0.3578,0
2007.8503,0.7273,25.4728,3.5537,0.7953,0.4203,8.2678,0.6461,1
1415.8487,0.2765,4.1325,8.1741,0.2088,0.2213,20.8983,0.5808,0
2056.2896,0.2180,30.9068,8.3901,0.1302,0.6468,11.9765,0.1015,0
911.7124,1.0000,31.0297,6.7784,0.2476,0.5077,20.2301,0.5841,0
316.0334,0.0405,11.2870,10.3780,0.7680,0.4906,11.4441,0.3628,0
1658.9133,0.3574,39.3679,1.3482,0.3900,0.7228,3.9176,0.5435,1
1991.8262,0.3727,21.0432,3.1833,0.9385,0.4352,2.0114,0.6438,0
1192.6778,0.9480,25.9101,0.1036,0.4165,0.0770,15.1770,0.7521,0
1839.0495,0.2236,31.8500,0.2533,0.3413,0.1199,16.9802,0.7014,0
98.4321,0.1345,9.0180,11.9040,0.7039,0.4222,23.3024,0.6832,0
1538.5821,0.7327,34.1352,1.0016,0.0243,0.9083,1.9800,0.4357,0
1250.0630,0.4808,28.7522,5.6058,0.1340,0.0016,11.4132,0.0511,0
1368.5321,0.0565,15.3137,4.2336,0.3060,0.0131,13.4579,0.3912,0
1208.9205,0.3491,8.5278,7.7217,0.3271,0.2099,17.7112,0.2938,0
1266.7517,0.5680,7.5375,3.4356,0.1373,0.1976,2.2896,0.3339,0
668.1847,0.3481,28.5642,4.6996,0.2155,0.1895,8.9498,0.7759,0
2076.0515,0.3145,32.4898,11.0121,0.0883,0.2865,20.2699,0.0447,0
2059.3314,0.5378,2.9244,9.4114,0.1784,0.9464,13.9483,0.4718,0
2004.5576,0.4401,33.3139,3.6827,0.5233,0.9912,21.5418,0.0221,1
1624.9568,0.9056,6.2468,5.0922,0.5587,0.4561,10.6600,0.7414,0
1213.2700,0.1493,13.0351,9.1498,0.2108,0.8651,17.1854,0.9288,0
2083.2204,0.9649,27.2243,2.8273,0.2132,0.0850,11.2352,0.2629,0
1457.0158,0.9599,2.0347,9.2854,0.7898,0.0389,20.2272,0.1337,0
475.9667,0.4687,14.8879,2.6877,0.4243,0.3891,17.8516,0.7970,0
1362.1519,0.4292,26.2501,10.1565,0.9413,0.4218,15.3910,0.7438,1
34.6104,0.3523,16.2872,6.3024,0.1645,0.8864,17.4768,0.1492,0
1375.3347,0.4765,37.9872,2.0412,0.7919,0.9689,10.7462,0.3751,1
1792.8863,0.3459,10.1412,3.5767,0.4559,0.7065,7.8664,0.9572,0
1298.4406,0.6259,11.3931,6.9301,0.5464,0.7971,3.4204,0.8655,0
1838.4840,0.5199,6.6574,0.4300,0.3101,0.3678,8.5433,0.7550,0
1350.3766,0.3454,25.8443,8.8055,0.4125,0.3444,14.6484,0.5695,0
1607.7341,0.1501,19.3871,6.0450,0.4550,0.2089,4.0270,0.5762,0
788.6155,0.6559,3.2101,2.1473,0.7490,0.1381,3.3478,0.7799,0
1109.8877,0.0898,15.7773,3.5409,0.3899,0.1669,9.5242,0.3970,0
2154.2521,0.4751,14.4351,11.7958,0.7549,0.5228,11.9910,0.1881,0
975.7119,0.7922,40.3042,7.0920,0.6774,0.2282,3.8959,0.0130,0
945.7454,0.2689,4.4798,0.6789,0.9289,0.8536,5.5066,0.3083,0
725.2093,0.8398,13.8125,2.8824,0.2047,0.6926,5.5276,0.6266,0
2188.6174,0.0400,37.4445,6.0071,0.3672,0.1387,22.4147,0.5714,0
1484.0198,0.5080,34.1741,2.8550,0.8268,0.2270,16.5515,0.8148,1
106.2023,0.7062,14.2598,7.0845,0.7103,0.8349,20.1485,0.6539,0
722.9188,0.6529,14.9339,2.6345,0.2843,0.7876,18.7031,0.1308,0
799.2263,0.3184,25.8230,8.0992,0.5999,0.1930,13.8125,0.0623,0
660.0598,0.5745,35.4022,4.1931,0.8763,0.0003,3.9128,1.0019,0
1399.4336,0.4470,14.9045,0.8125,0.6982,0.3025,8.2903,0.8950,0
700.2276,0.8249,25.9033,8.4342,0.4381,0.7959,14.6465,0.7754,0
1011.0962,0.7899,37.5398,4.2085,0.2833,0.4074,14.4431,0.9863,1
1959.5634,0.4063,3.5705,1.9612,0.2217,0.3581,16.6018,0.0738,0
1125.4440,0.8454,3.5039,7.9943,0.2612,0.8994,10.7523,0.6518,0
1640.6360,0.2046,10.5417,7.3083,0.8014,0.7352,19.5273,0.4552,0
546.3381,0.6204,15.4335,11.4381,0.7163,0.3041,1.6535,0.5831,0
665.9981,0.4443,32.2297,10.6845,0.2140,0.7606,3.7146,0.5208,0
164.3673,0.1865,25.2676,5.3271,0.0614,0.0930,6.5457,0.7368,0
250.1240,0.1447,37.2302,2.2819,0.3549,0.5529,24.0487,0.9405,0
2356.5834,0.4518,34.8940,3.1149,0.8079,0.7159,12.7533,0.2175,1
1783.7269,0.3713,9.2078,5.1923,0.7265,0.8671,17.2360,0.0415,0
99.2526,0.4996,37.0688,2.3533,0.8397,0.2764,6.0646,0.7579,0
730.3133,0.7004,32.3900,1.9767,0.6095,0.7666,0.6215,0.6730,0
741.4113,0.8166,21.5737,10.6633,0.1168,0.0514,2.1764,0.3009,0
785.4432,0.1842,23.0697,9.3419,0.2359,0.0508,9.8909,0.5059,0
2077.6003,0.3238,7.2763,0.2279,0.7117,0.2681,5.6551,0.7501,0
146.6269,0.4518,32.6727,7.0195,0.0095,0.1839,22.1105,0.6725,0
349.6807,0.3320,28.0133,2.5360,0.3645,0.2933,10.2451,0.6037,0
1400.2426,0.1508,37.1551,8.7922,0.3831,0.6292,9.6342,0.0688,0
2108.8478,0.7153,31.2760,1.0438,0.1630,0.5107,3.1308,0.9713,1
1874.8622,0.4112,28.4232,6.2051,0.4159,0.8443,12.8733,0.4714,1
1720.8541,0.1601,7.4991,4.8068,0.6268,0.0235,15.2362,0.7472,0
2315.8605,0.8689,6.7582,7.6416,0.6294,0.5743,9.3849,0.5881,0
1609.3697,0.0649,24.4238,4.8185,0.8494,0.0224,20.6527,1.0045,0
1663.2810,0.2163,16.0153,4.8321,0.6503,0.3881,7.0527,0.5264,0
787.7103,0.5959,23.3456,1.6332,0.1123,0.5501,21.4333,0.9958,0
2189.2701,0.7890,29.4850,7.8137,0.0333,0.6584,22.4482,0.7518,1
1490.9646,0.2121,24.5083,0.6099,0.6872,0.4441,18.8529,0.3916,0
1655.1683,0.1136,8.6639,11.9267,0.3024,0.8604,18.1781,0.3117,0
1424.1429,0.6809,28.7767,8.6481,0.6449,0.3059,20.4166,0.3493,0
2032.4206,0.4150,12.7691,5.4119,0.5383,0.3740,2.5308,0.2302,0
1634.1456,0.7281,6.7418,7.5471,0.6426,0.6929,14.4761,0.0721,0
215.7184,0.1432,17.0443,7.8576,0.6184,0.0627,15.4658,0.2169,0
1575.3502,0.4795,33.6129,4.6040,0.9316,0.1102,7.0454,0.1877,0
2302.9521,0.2721,14.9417,8.1596,0.1235,0.1314,4.6588,0.5906,0
57.3641,0.7822,6.1948,0.4219,0.9035,0.1797,2.4549,0.9752,0
816.3490,0.3676,4.9115,8.7902,0.4472,0.1815,5.7174,0.4705,0
1014.0773,0.5547,23.6866,4.3504,0.7855,0.6324,12.6133,0.8358,1
344.2616,0.3485,36.2308,5.0210,0.2110,0.6488,20.5737,0.6748,0
868.5988,0.9547,25.9066,9.2336,0.6426,0.0577,10.8062,0.6428,0
1573.3302,0.6236,17.2443,0.3950,0.3493,0.6644,10.2226,0.8544,1
711.4979,0.3461,4.2825,6.7506,0.6199,0.0843,22.4600,0.7537,0
1491.0232,0.0213,16.9734,1.8165,0.4575,0.3766,22.7597,0.5766,0
2268.6102,0.8647,2.1892,9.1989,0.2463,0.0574,5.2778,0.8865,0
1525.2788,0.6970,6.3211,6.8448,0.2452,0.4747,11.7786,0.6399,0
1014.6045,0.5853,1.3554,0.9163,0.7859,0.9823,2.5101,0.7947,0
2141.4334,0.7579,9.0134,4.8899,0.9620,0.6093,7.5976,0.0767,0
1203.1005,0.5271,15.4479,9.2166,0.6442,0.5926,9.9103,0.6884,0
1261.4709,0.1670,22.9310,2.4686,0.2406,0.0887,6.4156,0.6777,0
1930.8289,0.2820,33.1395,1.1774,0.2995,0.5290,1.9985,0.7410,0
2199.6789,0.3678,22.9731,7.6079,0.4660,0.7916,15.9046,0.1795,0
1238.8071,0.8938,14.8194,11.8308,0.7099,0.7917,21.4804,0.6433,1
616.6282,0.1339,37.2906,11.0955,0.1851,0.7638,5.3038,0.3877,0
634.4513,0.3269,14.0696,3.7484,0.3311,0.1485,10.8008,0.2434,0
1405.1460,0.0143,33.5592,0.2148,0.6132,0.1321,9.2859,0.7239,0
2260.1428,0.8862,35.2423,9.9215,0.6462,0.7587,20.4129,0.8951,1
1782.3579,0.9016,25.0098,6.0987,0.6896,0.8221,19.6506,0.5098,1
1964.7619,0.2880,17.5023,9.9096,0.5871,0.5568,14.4043,0.5158,0
567.4331,0.1569,15.6207,9.1245,0.1295,0.6405,4.6178,0.7389,0
118.5190,0.9210,16.6607,10.4592,0.1497,0.2981,6.7081,0.3847,0
2046.9937,0.4014,23.6181,9.6961,0.8412,0.7032,18.4205,0.2855,0
1285.6143,0.6285,15.5678,3.9066,0.8755,0.0527,20.9124,0.9195,1
457.2453,0.7825,3.5222,10.9483,0.1818,0.8774,11.6313,0.2540,0
2121.7217,0.2139,14.6101,2.2009,0.1320,0.6599,21.0712,0.9198,1
683.1761,0.6315,11.6972,5.7579,0.6248,0.0853,10.8291,0.3002,0
2005.1915,0.4006,1.4433,11.1135,0.7726,0.4905,16.4660,0.1547,0
449.4336,0.8553,21.8394,6.4393,0.5768,0.0705,3.7822,0.2961,0
1519.4396,0.5237,18.4903,5.6723,0.9477,0.9125,0.7075,0.4251,1
643.3632,0.9968,1.4713,9.4202,0.4698,0.3659,16.6464,0.7843,0
949.7407,0.2313,9.1449,10.3798,0.0998,0.0208,4.3439,0.2963,0
1491.8341,0.4250,34.8506,4.9051,0.2932,0.5931,16.2317,0.8840,1
269.4910,0.0218,36.9432,3.8426,0.5032,0.7419,6.9633,0.0323,0
1864.6374,0.0573,26.5197,7.1324,0.6080,0.7630,18.3781,0.2691,0
1945.3936,0.0774,12.1441,6.6681,0.8449,0.9313,21.4439,0.3072,0
2213.8468,0.5722,31.6294,6.9819,0.0169,0.8833,7.5483,0.1423,0
2027.5045,0.6851,30.3337,3.3641,0.8096,0.3719,17.6589,0.0343,1
2063.9992,0.3254,22.6129,0.4954,0.7505,0.4563,18.4756,0.5330,1
203.1603,0.2475,32.8611,6.1346,0.1670,0.2186,14.6211,0.4816,0
527.1526,0.6828,37.9251,11.7714,0.4826,0.7980,3.4167,0.5401,0
913.2713,0.1303,37.6045,7.6354,0.4319,0.4245,3.2350,0.9979,0
2221.7785,0.6101,37.4632,3.9075,0.6035,0.6655,7.8429,0.5038,1
955.4005,0.0902,13.0367,1.5590,0.0452,0.5364,10.3568,0.0470,0
1773.2557,0.6666,36.1195,5.6863,0.6734,0.4584,1.2235,0.9595,1
1049.4954,0.3800,11.7550,10.0087,0.7582,0.7176,8.1077,0.1743,0
1970.0904,0.1472,22.4358,7.1441,0.6178,0.3727,14.9500,0.1127,0
654.7140,0.0246,4.2428,0.4795,0.4734,0.6950,20.4484,0.9562,0
2394.2849,0.5703,21.4833,1.1393,0.2420,0.1583,0.8080,0.5297,0
631.1857,0.6406,13.7366,7.2938,0.0027,0.8452,17.7480,0.0386,0
1099.6007,0.8827,27.6535,7.0612,0.5764,0.0066,14.6015,0.0789,0
2146.3853,0.5628,37.9503,11.4908,0.0641,0.4274,15.7224,0.3990,0
709.4244,0.9492,12.6362,2.1663,0.9969,0.6370,8.9143,0.9069,1
2214.6176,0.2407,5.4510,10.9488,0.6499,0.9922,16.9893,0.8670,1
894.1918,0.1750,20.4081,4.1413,0.6022,0.5321,7.4139,0.5426,0
261.9421,0.2329,27.8629,7.4970,0.1368,0.9325,17.6796,0.4059,0
1631.4498,0.0059,3.9996,8.3884,0.9989,0.3604,20.3613,0.6096,0
1372.6911,0.1635,25.5203,6.9721,0.8590,0.0753,5.3760,0.3171,0
1098.9099,0.3760,13.9738,3.1036,0.4084,0.1774,2.1687,0.6175,0
1520.2755,0.3965,10.0259,9.8028,0.9863,0.2008,10.7835,0.2052,0
610.3337,0.4190,1.7295,7.5489,0.3520,0.8288,11.2375,0.5949,0
775.0138,0.5016,12.3675,8.8217,0.7344,0.1992,11.3740,0.7060,0
1379.3211,0.5188,26.1142,4.9824,0.9733,0.6728,8.3066,0.3939,1
190.0602,0.3469,18.2520,4.5738,0.9819,0.8294,13.5014,0.1270,0
911.7372,0.2443,37.9104,5.4263,0.2291,0.3614,20.2613,0.8777,0
330.2786,0.1417,15.2327,1.5685,0.4482,0.0533,23.5209,0.5080,0
2383.4605,0.7301,20.4525,2.4032,0.8787,0.6622,2.6815,0.0082,1
575.0643,0.9909,15.8740,7.8251,0.4631,0.3508,5.0994,0.7599,0
334.5835,0.9386,24.1488,10.2027,0.5125,0.1225,7.0128,0.3905,0
2214.3389,0.4259,2.2754,6.4851,0.2397,0.3790,20.0500,0.2948,0
907.9636,0.1173,12.5685,8.3608,0.4743,0.1014,23.5904,0.4746,0
1736.8497,0.3258,26.9545,7.2105,0.8199,0.8657,6.0310,0.3235,1
1887.3160,0.5100,2.6159,6.8074,0.3141,0.9079,10.4326,0.3447,0
2328.3968,0.5690,13.2819,3.1440,0.2095,0.6135,5.7975,0.3426,0
1734.5839,0.5347,9.5179,4.8767,0.2281,0.1776,22.4768,0.6914,0
138.8879,0.5779,15.0002,1.1527,0.9632,0.9909,10.4771,0.6239,0
233.1836,0.2202,27.8838,5.5155,0.7621,0.5057,23.8890,0.1612,0
1423.4664,0.1681,31.3513,2.8580,0.4860,0.1794,21.7090,1.0074,0
413.1253,0.5486,15.1645,10.6019,0.6334,0.7203,17.9670,0.3613,0
1706.9221,0.1266,8.1297,8.1515,0.7713,0.3194,19.8563,0.3316,0
255.5545,0.9038,2.6144,1.5657,0.5835,0.2912,19.9903,0.7401,0
92.3282,0.5094,15.0822,2.2502,0.5598,0.0702,18.8554,0.8761,0
647.4442,0.2248,39.3577,4.8135,0.6525,0.3201,10.2868,0.7702,0
790.7481,0.9483,32.6236,4.7533,0.5596,0.5587,7.1384,0.4408,0
145.8548,1.0031,21.7815,5.0332,0.8756,0.5798,4.6557,0.6495,0
887.5691,0.9284,7.9428,7.6314,0.3441,0.8308,5.8846,0.2326,0
1311.5314,0.6421,23.4924,10.4987,0.6299,0.3194,14.4397,0.6932,0
818.7902,0.9537,13.7112,10.9572,0.4076,0.4036,9.9377,0.0279,0
159.2134,0.0745,5.4469,3.7303,0.3319,0.7482,10.6580,0.0630,0
2066.3756,0.3546,30.6545,10.5015,0.2115,0.9238,15.3867,0.4291,0
1412.0447,0.1545,24.4316,11.0497,0.0585,0.4572,20.9308,0.3741,0
1568.6061,0.5372,4.5137,7.4755,0.1905,0.9435,0.4545,0.9934,0
910.7860,0.9286,29.2811,1.1912,0.8778,0.1818,0.9972,0.2085,0
2133.3788,0.7008,35.4137,9.1471,0.4811,0.5432,5.8687,0.4717,0
760.9640,0.2211,37.4083,0.9001,0.7992,0.5576,19.2342,0.5768,1
1571.0924,0.8265,10.7674,7.8585,0.2137,0.8531,19.3453,0.1040,0
1433.4156,0.2499,5.9270,10.1616,0.0275,0.8585,12.8352,0.7726,0
1977.5653,0.6800,25.7912,5.1810,0.8422,0.0609,1.1824,0.6484,0
1115.3237,0.4243,13.1400,6.6580,0.1727,0.1237,23.9863,0.3941,0
1207.8880,0.0692,2.7138,6.8975,0.2499,0.2316,6.3837,0.2599,0
998.6117,0.1150,21.7497,6.1957,0.7335,0.1221,15.9166,0.6646,0
636.3538,0.9737,18.9328,0.2089,0.2668,0.1428,9.7829,0.1219,0
715.7291,0.3141,10.4429,1.1583,0.1612,0.8357,8.6518,0.9517,0
374.5092,0.4637,37.5663,1.1157,0.9342,0.6214,15.9457,0.9732,1
1090.9007,0.6031,10.3378,6.3834,0.3110,0.4939,22.5748,0.1338,0
2214.6922,0.5655,12.5427,2.3036,0.6199,0.3229,10.9785,0.5743,0
2125.9453,0.0952,8.1136,0.7101,0.8613,0.8097,21.8458,0.6154,1
1306.2412,0.6227,34.4658,5.4117,0.3813,0.3160,23.1134,0.6332,0
896.4109,0.9034,21.4382,9.0332,0.4355,0.5058,17.5247,0.8048,0
2111.7835,0.2137,38.6058,4.4975,0.9909,0.8815,2.2445,0.5903,1
1027.0648,0.5174,25.4171,1.4429,0.4147,0.2597,17.9442,0.7036,0
83.6778,0.3397,6.7238,6.5784,0.6214,0.4179,0.8921,0.5011,0
2212.7089,0.1128,36.5154,7.6514,0.8782,0.8242,17.2729,0.1510,1
2328.1934,0.9706,22.0242,5.2963,0.1705,0.0591,16.2344,0.7267,0
319.5311,0.5721,11.1628,2.3310,0.6868,0.0796,22.5186,0.3914,0
2358.7345,0.6771,16.5401,4.7044,0.9271,0.1365,12.8862,0.9957,1
1423.7152,0.6040,5.2098,11.2215,0.0553,0.2907,3.0764,0.2633,0
1006.0092,0.4948,18.1577,7.3763,0.9309,0.0778,13.9854,0.6843,0
403.0400,0.9835,18.2871,5.0212,0.4933,0.0137,0.5901,0.1782,0
259.7115,0.6855,6.5227,0.5756,0.3182,0.4004,20.2374,0.2048,0
111.7571,0.3771,32.5975,0.0730,0.0990,0.5213,4.0970,0.1739,0
885.4783,0.6074,36.5062,11.0821,0.5409,0.9592,4.0318,1.0059,1
838.1202,0.3962,8.3017,2.5381,0.3399,0.5787,14.2848,0.0394,0
919.3451,0.1622,20.8990,5.3655,0.3348,0.4286,6.3611,0.8013,0
2221.3799,0.7076,38.4328,1.8312,0.4404,0.5405,7.0541,0.4362,1
508.0693,0.1257,9.6710,8.6477,0.1624,0.1794,21.4727,0.9589,0
1123.0109,0.4226,17.5155,10.3939,0.1016,0.2546,4.9547,0.4476,0
403.1506,0.3163,29.3321,6.8689,0.7829,0.0929,1.0455,0.7530,0
1890.0597,0.4937,33.2921,9.4540,0.4964,0.6192,23.7929,0.0721,0
1648.9800,0.7674,12.0062,11.7185,0.9930,0.8202,14.6808,0.5084,1
466.0180,0.4526,34.1917,8.5597,0.7860,0.2117,13.7229,0.4828,0
421.2115,0.4322,9.4874,4.6817,0.6076,0.6194,21.0114,0.7752,0
2137.1081,0.9330,4.1799,4.8084,0.6888,0.6741,10.0795,0.9735,1
1167.3586,0.7799,23.9216,5.7628,0.1976,0.1131,1.0590,0.8580,0
2312.8372,0.4673,15.0974,8.7180,0.0270,0.0074,12.4388,0.2185,0
161.2593,0.4572,2.4787,9.2069,0.0388,0.6667,14.2386,0.5220,0
2269.9484,0.8580,38.9863,11.9675,0.0892,0.9523,15.1836,0.8850,1
2145.7928,0.6149,40.2515,4.2546,0.9952,0.2565,13.7238,0.4530,1
833.5116,0.1260,17.0711,5.5913,0.0202,0.7601,18.3206,0.6279,0
846.0064,0.7362,11.6634,7.5383,0.8043,0.3355,18.5085,0.0643,0
2284.1614,0.3581,9.0408,10.4511,0.3403,0.9503,22.0618,0.8371,1
2389.6495,0.2425,13.1826,11.8197,0.6590,0.3222,5.9103,0.6955,0
459.5447,0.4550,8.6604,11.8313,0.3234,0.7869,19.2370,0.8035,0
95.2655,0.5987,38.7863,8.8644,0.6895,0.3691,18.5711,0.3719,0
618.1876,0.8207,16.3638,0.9201,0.3959,0.2363,17.4975,0.5582,0
1931.9561,0.4178,30.2589,11.9969,0.6821,0.4925,22.1466,0.2847,0
1333.8278,0.5345,8.8534,0.8364,0.9049,0.0338,13.0481,0.2771,0
981.9361,0.2983,10.0113,3.4607,0.7214,0.2085,4.2821,0.5761,0
1559.4354,0.0289,22.5763,9.4647,0.8103,0.1580,3.0799,0.1963,0
403.0136,0.8209,16.4959,5.8916,0.2571,0.1813,17.3904,0.6904,0
1291.5499,0.5244,8.7165,2.4311,0.2343,0.5885,22.4271,0.6262,0
2180.6360,0.5953,17.9465,7.7260,0.6284,0.0483,19.5368,0.4969,0
1546.9545,0.7994,25.5604,8.2158,0.3526,0.6903,22.2756,0.6687,1
2181.9850,0.4374,2.1987,2.2280,0.8879,0.1323,7.1235,0.2718,0
892.1207,0.3778,31.3234,5.2130,0.9638,0.2368,12.1915,0.4306,0
1962.0840,0.4667,9.6714,4.9822,0.1034,0.1768,23.0434,0.4952,0
1910.7679,0.9863,14.0473,2.2500,0.1670,0.6548,16.2305,0.9672,1
860.2531,0.5301,22.0963,3.5679,0.9701,0.6231,7.1887,0.7104,0
1154.7776,0.8685,36.7426,0.7748,0.9814,0.3866,17.1770,0.6672,1
481.6189,0.3135,29.2306,9.3266,0.7752,0.1444,19.8787,0.0423,0
1620.1984,0.5042,18.0595,3.5448,0.5059,0.2292,7.6411,0.8215,0
290.1790,0.6327,31.3449,9.4839,0.8961,0.4537,15.6566,0.3752,0
1055.8893,0.5444,8.0677,6.3217,0.6231,0.4122,3.8391,0.7038,0
468.1294,0.0180,1.9410,0.6827,0.3838,0.9095,18.5409,0.7469,0
1140.3426,0.9285,32.7208,3.4995,0.2682,0.8418,3.8387,0.4472,0
625.1202,0.3610,10.3574,3.1913,0.7090,0.9733,11.7365,0.1984,0
713.7373,0.6411,38.3483,3.0666,0.9877,0.0671,14.2861,0.8082,1
1703.8976,0.0474,3.1692,5.5960,0.6399,0.6811,7.6888,0.3866,0
854.8726,0.5353,26.8349,11.5513,0.8936,0.2064,4.5432,0.5886,0
990.7589,0.6374,15.6845,7.2283,0.1643,0.7553,12.9752,0.8901,0
1650.4431,0.1460,17.6925,6.0428,0.5488,0.3569,1.9886,0.7078,0
1370.8972,0.3087,15.0296,2.3518,0.4289,0.8053,22.4634,0.8767,1
1952.2772,0.4628,37.3389,4.3189,0.1197,0.7859,7.9835,0.0770,0
840.9968,0.7238,21.8227,6.4537,0.8766,0.1651,4.5646,0.4103,0
2346.4584,0.0252,9.9613,2.3556,0.7260,0.3781,7.8438,0.8408,1
1770.9257,0.1614,26.1240,9.6830,0.2056,0.4904,12.0312,0.1355,0
1785.9341,0.4900,19.6619,4.4228,0.9893,0.4217,20.1815,0.2895,0
568.0910,0.1899,29.8395,10.9185,0.9510,0.8981,2.8230,0.4623,0
465.9842,0.8816,15.7625,8.9126,0.1266,0.9038,7.9279,0.5619,0
1313.3389,0.2209,31.6973,1.6305,0.4700,0.2370,10.9352,0.9172,0
1871.5853,0.0615,15.9218,4.0258,0.5812,0.5194,14.9906,0.8613,0
816.2054,0.2888,37.1892,7.7235,0.4698,0.0850,21.2820,0.3915,0
470.7713,0.2706,14.6783,3.4341,0.9606,0.1722,4.3833,1.0059,0
1751.5424,0.3967,6.0698,0.8976,0.9214,0.6576,22.3819,0.4959,0
264.5569,0.4452,8.6615,9.4138,0.7747,0.7375,20.3020,0.8160,0
1705.0132,0.1870,19.8130,5.3153,0.8927,0.1267,19.2103,0.6224,0
1316.7946,0.6137,33.9875,5.8565,0.6472,0.9448,13.6246,0.9085,1
483.4245,0.1474,10.2864,0.1034,0.3548,0.1005,17.9457,0.0742,0
91.7589,0.1143,25.0004,5.4179,0.8174,0.7594,17.4462,0.1961,0
2229.3845,0.4019,30.1016,7.6411,0.9452,0.2778,10.6810,0.3911,1
693.1519,0.5018,10.1314,2.2649,0.1431,0.8863,19.3183,0.2888,0
119.4413,0.2721,15.6681,11.0555,0.2992,0.9888,10.4505,0.8885,0
1087.3785,0.2148,10.4559,11.1960,0.5861,0.7361,3.5784,0.5512,0
1601.6859,0.5464,15.5498,5.0719,0.7560,0.9232,15.5421,0.6276,1
255.8400,0.2122,17.0376,2.5335,0.2576,0.1711,10.7854,0.8454,0
331.8045,0.6342,2.0017,9.5773,0.5029,0.7500,9.6951,0.1782,0
2187.6968,0.4233,20.0165,0.2385,0.5274,0.6788,1.1987,0.8525,1
2077.0625,0.9951,7.4086,9.2970,0.0382,0.4460,20.5185,0.7269,1
435.7783,0.8683,29.8776,10.4176,0.2074,0.7543,18.0675,0.5659,0
346.8443,0.0086,11.7548,1.4119,0.6139,0.5851,6.8111,0.4779,0
155.2778,0.1328,30.8266,3.7386,0.0874,0.0790,4.2014,0.9144,0
1346.5186,0.6669,38.6708,0.9392,0.9976,0.3339,1.3464,0.7380,1
1983.5754,0.5295,1.5367,1.3947,0.0228,0.4365,10.4852,0.8481,0
924.1867,0.6897,10.6366,10.7176,0.3443,0.5172,0.4317,0.6564,0
1790.8166,0.3972,32.3492,11.5415,0.5446,0.5252,17.8084,0.3389,0
1637.4930,0.2136,32.1906,0.9153,0.2184,0.2565,6.3786,0.4534,0
727.4199,0.7936,23.7937,1.7347,0.7038,0.9229,17.1847,0.0955,0
1445.4377,0.1182,19.4775,6.3766,0.4530,0.7165,8.0180,0.8727,0
1697.3974,0.9021,36.2251,7.5320,0.0987,0.8796,19.0960,0.6475,1
2100.3880,0.6135,16.7643,4.5456,0.0008,0.1454,3.1287,0.6251,0
1112.3746,0.1403,12.2587,6.6695,0.0636,0.0174,20.5737,0.6924,0
1641.2522,0.8002,22.6348,2.3753,0.8041,0.5651,11.8576,0.7187,1
808.1632,0.7069,35.7373,5.9184,0.7939,0.5758,11.4219,0.9126,1
1593.6326,0.9240,30.4788,0.1128,0.3346,0.7850,10.5178,0.7090,1
815.7023,0.2071,1.4875,3.2575,0.0938,0.8655,19.0878,0.7688,0
1459.4790,0.9369,16.0433,2.7693,0.3427,0.4734,3.0674,0.5389,0
287.5315,0.2323,29.0175,7.1678,0.6387,0.5969,7.4184,0.6734,0
550.7450,0.4029,39.2895,10.2827,0.7127,0.2082,11.4218,0.0918,0
1691.6222,0.3587,34.7616,3.5904,0.1271,0.6886,17.5251,0.3431,0
1464.1748,0.3881,37.0211,2.3954,0.7663,0.0477,11.6568,0.3390,0
2171.4750,0.9466,19.1139,6.6611,0.4651,0.6337,17.9352,0.9906,1
2285.2781,0.7500,10.2440,4.1647,0.7530,0.3898,7.7797,0.7164,0
1910.5796,0.1719,3.8204,8.3234,0.8544,0.6563,11.8860,0.2311,0
566.7715,0.9289,29.4138,6.1246,0.6773,0.2774,10.6705,0.8044,0
967.0207,0.8588,13.5369,2.5545,0.6508,0.1011,17.4275,0.0078,0
113.0177,0.7674,26.9848,8.4374,0.1093,0.3100,14.5998,0.8492,0
615.8742,0.2400,24.1197,5.2175,0.5702,0.0839,7.2769,0.7536,0
84.9554,0.1472,32.8754,3.3391,0.5251,0.1966,0.6437,0.1354,0
338.1719,0.1029,31.2632,5.9597,0.3389,0.0601,9.9541,0.1519,0
1695.1933,0.6490,21.2366,2.3483,0.1051,0.7388,11.5822,0.0273,0
464.5153,0.0023,18.9488,9.7013,0.1137,0.1346,23.8722,0.6584,0
2254.6800,0.9215,16.1999,2.1358,0.8076,0.6668,11.3721,0.6709,1
1790.1775,0.0741,20.9469,9.2164,0.4372,0.2581,19.8076,0.0494,0
841.3615,0.2225,15.4959,8.3910,0.7084,0.6975,20.3342,0.9699,0
868.6763,0.4064,19.2508,0.3909,0.1398,0.3569,19.2182,0.8772,0
1985.8691,0.8806,19.6156,5.9206,0.9929,0.9614,2.2096,0.4737,1
1510.7454,0.2044,36.3299,7.6877,0.7237,0.2931,10.5962,0.1803,0
1628.0098,0.9588,37.8806,9.4858,0.8529,0.8648,5.2513,0.9591,1
1925.1414,0.0144,18.3700,2.6312,0.9371,0.5513,18.5107,0.7406,1
959.5446,0.0121,36.1888,2.7273,0.2566,0.7084,14.8988,0.4947,0
1470.9535,0.3531,5.2690,8.9969,0.0483,0.0011,5.7352,0.2088,0
162.5985,0.2934,8.2751,10.6583,0.4252,0.9217,13.3195,0.7377,0
1568.0468,0.4504,5.7305,9.1492,0.3929,0.5439,20.1035,0.3423,0
2376.3986,0.9316,25.3770,8.5685,0.9404,0.6506,18.8673,0.7827,1
2396.1605,0.5141,7.4552,10.0787,0.6758,0.0720,16.5070,0.3412,0
1433.0881,0.1907,36.2593,11.2681,0.6954,0.1142,18.9997,0.0596,0
482.7799,0.2730,33.5429,2.2466,0.7750,0.6930,11.5835,0.4255,0
1731.3971,0.7541,23.5506,6.5356,0.6320,0.4194,1.6398,0.4976,0
1138.1088,0.1116,15.0315,4.7931,0.7044,0.1057,13.6884,0.9552,0
1935.1271,0.2304,19.7720,6.1713,0.3690,0.0100,15.0417,0.7784,0
1590.3802,0.9365,25.1469,0.6915,0.0501,0.9101,14.0639,0.3003,0
1123.9796,0.8127,17.2563,3.1070,0.3373,0.1975,21.2816,0.1075,0
1822.5921,0.4866,35.5594,0.9134,0.2436,0.9632,17.3684,0.9780,1
2398.5125,0.1051,7.8066,6.2720,0.9862,0.1562,21.5312,0.1242,0
2117.8672,0.1308,30.0418,9.1162,0.5040,0.8178,22.1370,0.6266,1
1377.0130,0.4329,8.5213,7.9506,0.1347,0.2660,3.6477,0.4806,0
758.1486,0.6924,19.2810,4.6148,0.0409,0.1109,14.5240,0.1748,0
1085.1112,0.4886,26.9914,1.0468,0.6863,0.8748,0.4577,0.2274,0
1787.7584,0.4631,1.8621,11.6463,0.0075,0.9455,8.7907,0.5919,0
1695.7165,0.4547,26.6097,11.2151,0.0871,0.6610,20.8997,0.2735,0
898.6428,0.0743,13.0116,10.8358,0.1572,0.6985,21.2633,0.2604,0
2342.8703,0.5973,16.1546,7.6487,0.7505,0.1988,2.2477,0.3628,0
504.5230,0.9719,8.6196,5.4595,0.8661,0.1742,16.9676,0.9039,0
883.3587,0.3658,9.8579,1.0674,0.7575,0.8774,6.7905,0.5322,0
390.9461,0.6834,2.4593,9.8091,0.8264,0.7833,15.9027,0.4090,0
1379.7052,0.2236,26.2087,7.4323,0.2459,0.6494,0.5147,0.9339,0
1633.3481,0.1045,9.7277,7.5014,0.2630,0.1390,3.2050,0.0164,0
2301.0210,0.1300,26.2569,5.0405,0.3525,0.1006,5.3388,0.3612,0
222.3635,0.2530,31.8124,6.2448,0.2653,0.8881,23.5619,0.4601,0
760.3814,0.4313,40.0635,11.8837,0.6843,0.2360,24.3336,0.1810,0
1585.0380,0.6474,20.2128,9.9026,0.5048,0.5445,6.6868,0.8283,0
1466.3043,0.1489,26.7631,4.4731,0.9288,0.3565,6.4904,0.2136,0
826.6171,0.1057,6.5024,2.5245,0.7789,0.9749,23.1426,0.5862,0
1889.8005,0.8059,28.2890,12.0920,0.6420,0.2762,9.7691,1.0073,1
1501.9773,0.7227,18.4504,9.0465,0.5586,0.7734,14.4049,0.4737,0
1804.8785,0.1419,19.3293,10.7555,0.2543,0.7638,15.7653,0.8895,0
1586.2877,0.9422,26.3970,9.5559,0.5545,0.7947,1.5630,0.5074,0
2236.3915,0.8062,36.2191,10.2586,0.5378,0.6302,3.8745,0.6368,1
874.6486,0.4924,2.8916,7.5817,0.3524,0.4185,22.8226,0.4989,0
766.1450,0.2739,29.1267,8.5403,0.0211,0.9453,4.7201,0.7827,0
946.1890,0.7156,39.6046,9.2634,0.5006,0.7166,6.4587,0.8208,1
1317.3746,0.4849,12.1978,2.0867,0.9436,0.2227,0.5320,0.7805,0
1551.9084,0.6656,27.1218,0.7545,0.5499,0.2147,21.0031,0.1901,0
1626.0181,0.1570,8.1406,1.5390,0.6641,0.8868,9.0173,0.3092,0
756.7422,0.5742,16.7842,7.6049,0.6874,0.8278,13.8230,0.5730,0
1604.2291,0.7231,17.2299,5.2636,0.3812,0.8395,4.6065,0.8611,1
885.8869,0.3800,23.4474,3.0907,0.6777,0.0839,10.7574,0.9401,0
2093.7154,0.0159,25.7136,6.8332,0.1824,0.4810,18.6848,0.3738,0
1526.9252,0.6523,25.9728,8.8866,0.4528,0.0758,5.6130,0.2353,0
997.9529,0.2076,36.1121,6.1698,0.8163,0.1003,17.4898,0.0708,0
303.4718,0.9640,27.5100,3.5435,0.4951,0.0328,1.5746,0.4319,0
867.3371,0.2785,10.3576,2.9161,0.4240,0.7411,19.4687,0.0405,0
1030.7418,0.9219,19.2642,0.9269,0.3116,0.8782,7.6513,0.4506,0
1495.0377,0.2357,22.6079,7.9179,0.6078,0.4730,23.7622,0.6874,0
887.2223,0.1513,40.2882,7.4366,0.0172,0.7868,22.0652,0.2370,0
415.1281,0.3684,39.0750,5.7730,0.9833,0.2118,2.9074,0.9185,0
418.3500,0.5160,18.9922,8.5392,0.5541,0.3190,5.4986,0.5056,0
950.8797,0.5097,24.6875,9.2850,0.5580,0.7406,13.3048,0.1399,0
678.1302,0.9166,32.4270,2.3800,0.1734,0.9364,11.6096,0.5633,0
288.7691,0.6481,28.4987,7.4082,0.2008,0.5625,18.1511,0.6692,0
2317.3537,0.3108,23.2595,4.2472,0.9155,0.0876,3.8026,0.5882,0
1069.2629,0.8420,30.0680,9.3252,0.0869,0.7913,19.5175,0.0907,0
186.8530,0.3978,10.3050,7.6581,0.8427,0.5524,3.6992,0.2959,0
2384.6074,0.2738,34.3626,10.3318,0.2919,0.6452,19.9185,0.4706,0
465.5962,0.4753,33.4381,7.7918,0.7373,0.1436,19.1036,0.3809,0
1432.4982,0.4677,36.8796,8.5964,0.9516,0.5889,8.4150,0.4029,0
2149.3067,0.9684,12.5467,3.7773,0.7251,0.4298,17.2544,0.8853,1
1943.3411,0.3239,12.4263,3.6325,0.9849,0.8655,8.4919,0.3368,0
1545.6442,0.7458,20.6336,6.8753,0.6036,0.4669,15.6610,0.8557,1
1422.1020,0.4273,13.4176,10.0803,0.7895,0.4336,0.3598,0.8068,0
799.2830,0.2764,37.3352,9.8174,0.3302,0.3449,5.9613,0.9474,0
1144.9947,0.2750,4.9286,0.8718,0.3428,0.2372,19.7581,0.7194,0
178.8637,0.2167,16.8663,11.2754,0.8646,0.2070,0.9430,0.8620,0
1677.4886,0.7924,12.3330,0.3109,0.1229,0.7223,12.4998,0.6131,0
2060.3125,0.0688,13.3273,9.4243,0.6611,0.7954,12.5006,0.4421,0
1505.1292,0.2617,2.2158,5.0020,0.2740,0.3898,22.3899,0.8970,0
880.4908,0.0728,9.9075,1.5446,0.6043,0.9901,12.3646,0.5112,0
669.9024,0.3498,29.4320,7.7857,0.0870,0.1759,20.4646,0.9206,0
1606.2787,0.5134,23.7945,6.4406,0.9184,0.4416,9.6565,0.9383,1
412.8308,0.0397,12.0489,1.6088,0.8111,0.7461,17.2639,0.9973,0
1059.7474,0.8187,24.2950,9.1158,0.9542,0.8910,9.8635,0.5673,1
2168.7837,0.2139,30.8698,5.3586,0.4957,0.8773,15.7242,0.1374,0
2364.0949,0.8764,22.4012,2.2508,0.7194,0.6961,0.8217,0.2100,1
89.7261,0.4119,29.5767,11.3677,0.7346,0.5036,11.4045,0.3731,0
356.1753,0.3253,28.5922,1.6367,0.4829,0.4709,7.6028,0.4854,0
544.3728,0.9739,10.3756,11.8056,0.6330,0.2217,1.7499,0.9491,0
955.1184,0.3555,11.1050,1.2346,0.7733,0.4967,17.9608,0.4392,0
928.2627,0.9352,7.4266,10.6195,0.8224,0.4424,15.9413,0.1137,0
379.6312,0.2931,12.1535,4.5798,0.1847,0.5436,17.0387,0.4243,0
1668.9911,0.5332,22.8437,3.9556,0.4700,0.5648,0.3597,0.8948,0
444.4836,0.2851,6.3243,8.0916,0.3515,0.0926,11.9779,0.0387,0
795.3618,0.6563,38.9794,9.1379,0.4312,0.7421,17.8987,0.1916,0
1781.1725,0.3223,7.6838,8.3226,0.6610,0.7336,1.5940,0.5532,0
2292.0537,0.5456,24.5186,11.8902,0.2201,0.2487,5.4087,0.9463,0
512.9564,0.4534,12.0320,1.1593,0.6576,0.4662,20.3351,0.0468,0
1032.1515,0.3780,21.6604,4.4008,0.2473,0.4497,20.0686,0.7687,0
1506.4909,0.8222,19.9947,8.1237,0.3237,0.8739,19.6171,0.2679,0
632.2720,0.2681,15.8461,7.8660,0.1104,0.4171,23.7683,0.3573,0
271.7517,0.8738,35.5348,8.7545,0.5924,0.9072,13.7203,0.0901,0
196.1087,0.7164,5.2452,4.8113,0.8527,0.0738,2.6882,0.9640,0
2249.6860,0.8894,19.5701,11.2641,0.7941,0.0165,13.8719,0.2664,0
1664.7830,0.0127,23.2965,0.4743,0.1873,0.7617,9.0040,0.7083,0
723.0868,0.8182,3.0072,2.6303,0.1749,0.7447,15.8634,0.1562,0
1051.7379,0.0610,36.2655,1.5099,0.9743,0.9879,17.2117,0.2950,1
531.1341,0.7464,12.6383,10.1367,0.7755,0.2625,11.0681,0.2097,0
2062.5095,0.4292,24.3593,7.6278,0.1448,0.9546,13.9058,0.2310,0
270.2553,0.8749,31.5072,0.5182,0.9538,0.5940,1.7711,0.8584,1
1103.6227,0.0534,17.4043,3.6865,0.6849,0.6796,14.9363,0.6020,0
235.2764,0.5363,31.9785,11.8032,0.7941,0.6218,23.8890,0.1396,0
1117.2257,0.5173,14.7131,3.1571,0.7673,0.5494,23.7198,0.8347,1
744.2840,0.2727,30.9795,7.4004,0.4865,0.8870,21.6916,0.5275,0
1028.8371,0.1486,21.1535,4.9116,0.8290,0.3644,7.3309,0.4208,0
1869.6799,0.6990,17.8852,6.2425,0.2294,0.6876,20.1131,0.9495,1
1478.2994,0.2043,39.3309,8.5163,0.4946,0.5006,13.9770,0.0440,0
2276.7196,0.8934,11.6161,4.2292,0.4153,0.9015,6.5134,0.8345,1
1713.9484,0.2928,25.8481,7.5067,0.0822,0.0951,9.6146,0.1827,0
1705.3181,0.1563,25.4537,0.5624,0.4106,0.4985,21.7081,0.7016,0
240.4107,0.4943,24.9339,8.1600,0.4814,0.8928,3.8904,0.6986,0
1868.2778,0.6374,10.5008,11.0920,0.8097,0.2823,8.1750,0.5601,0
2388.0982,0.3360,6.2340,3.7763,0.3013,0.2577,7.9323,0.2213,0
812.7263,0.0987,29.3897,6.9839,0.2186,0.0997,13.4701,0.3164,0
2044.4436,0.3317,33.0427,0.9304,0.4401,0.9292,11.3085,0.9112,1
1339.3991,0.4789,7.6788,4.4993,0.1978,0.9252,13.0754,0.5352,0
1674.4563,0.6124,21.2216,10.5894,0.7951,0.5208,15.1484,0.5270,0
1366.7945,0.5717,26.6387,11.8311,0.2206,0.7244,8.3122,0.8446,0
266.0692,0.4069,30.1725,5.3003,0.7947,0.4634,4.1879,0.5530,0
1356.0992,0.5443,11.8845,7.2763,0.8289,0.6464,21.3880,0.9275,1
69.2178,0.8541,8.4694,9.0762,0.4223,0.9689,22.6271,0.0168,0
866.6808,0.8186,37.8777,8.7070,0.8858,0.1941,12.0937,0.5606,0
793.1225,0.0069,34.6435,10.0894,0.2151,0.5041,7.2239,0.6705,0
1250.4199,0.8720,4.2316,8.2787,0.8009,0.7159,5.7785,0.2573,0
704.6144,0.1843,28.2026,9.3058,0.2455,0.3266,3.6246,0.4497,0
1923.7191,0.5846,37.6944,2.4934,0.5124,0.9879,21.2267,0.3098,1
1745.4183,0.6846,20.5406,7.5337,0.2657,0.7432,12.9875,0.6688,1
1863.6510,0.0971,10.2046,1.8961,0.7532,0.4607,12.7671,0.6620,0
50.6191,0.4890,21.0527,8.8530,0.5688,0.7895,17.3359,0.6869,0
2256.4433,0.1818,29.3520,11.4695,0.5102,0.0134,11.5807,0.6699,0
1425.1126,0.2787,22.0756,4.6293,0.2650,0.2566,17.8351,0.9120,0
486.2382,0.3608,21.6716,0.5785,0.1955,0.9192,16.9382,0.7327,0
1769.6212,0.0481,32.1046,4.1867,0.6358,0.3695,16.0663,0.9806,1
1572.4712,0.3424,13.0449,6.1734,0.4423,0.9758,8.3646,0.3983,0
600.5126,0.8297,8.4637,7.7324,0.8028,0.0184,21.4017,0.7698,0
474.2311,0.6317,1.7649,0.1944,0.5932,0.0993,19.5240,0.4714,0
340.4541,0.3831,7.3243,11.4764,0.3033,0.1879,7.1424,0.9598,0
1240.7885,0.6106,28.3658,7.8836,0.2246,0.1616,15.3914,0.7250,0
2050.1948,0.0867,22.6060,4.9493,0.3087,0.8065,18.4292,0.7952,1
64.8258,0.0643,17.4659,8.6944,0.6119,0.5795,1.0100,0.0685,0
1824.3226,0.1715,37.2239,1.3028,0.2578,0.6113,19.4693,0.3814,1
1247.8452,0.6249,21.8128,0.8125,0.7406,0.2763,18.5464,0.3841,0
1906.5215,0.5089,25.9981,10.1814,0.9403,0.0343,5.3110,0.7719,0
973.1968,0.5633,35.1949,2.8022,0.3346,0.8254,9.4314,0.9598,1
1003.7309,1.0075,25.1863,10.0617,0.2618,0.0421,12.6863,0.2044,0
101.2724,0.8135,32.3998,5.3685,0.4936,0.1951,7.7942,0.5539,0
2263.6862,0.0978,14.9410,0.3074,0.1665,0.0840,1.0436,0.3783,0
761.1489,0.3623,39.9515,6.7143,0.3804,0.5302,9.0718,0.9844,0
2030.1991,0.8885,3.8814,7.8967,0.9938,0.2870,19.7360,0.6740,1
2150.6489,0.0551,4.4587,9.9990,0.6594,0.1487,19.8096,0.8768,0
387.7807,0.6719,30.0596,6.3684,0.5227,0.0557,20.6451,0.1066,0
238.1266,0.4699,5.7675,5.0452,0.5813,0.4394,20.0449,0.4912,0
365.4573,0.8727,12.0991,6.6348,0.6426,0.9303,11.8864,0.7143,0
2066.4015,0.9258,31.9735,1.4567,0.0530,0.1389,8.2473,0.4157,0
1113.6212,0.5750,5.0548,10.2072,0.5104,0.4924,4.1364,0.9246,0
215.8106,0.1669,6.7722,10.9784,0.0814,0.2079,21.6587,0.8147,0
1312.8161,0.7396,33.6579,3.9982,0.3196,0.3683,0.4930,0.4121,0
1106.0769,0.5195,18.2079,6.2184,0.7247,0.0417,6.9943,0.4721,0
354.5095,0.8923,34.3130,2.0659,0.9007,0.0376,13.1610,0.0671,0
2031.2506,0.4859,7.1002,10.8807,0.4992,0.9689,10.2097,0.9044,1
2359.4744,0.5658,13.0878,6.1890,0.4595,0.3560,11.4448,0.6510,0
1358.8200,0.1620,30.8489,4.8560,0.8107,0.1424,15.3258,0.7508,0
1715.4292,0.4775,21.9157,3.5635,0.0164,0.0111,12.7278,0.9292,0
167.6995,0.1337,24.5021,10.5162,0.5299,0.5544,23.5750,0.6738,0
1047.1077,0.8732,20.4010,7.3090,0.9440,0.8459,17.4689,0.3929,0
1071.1056,0.1107,20.6443,3.8266,0.0540,0.6580,14.8917,0.5951,0
1121.3157,0.4022,11.4800,9.4856,0.2644,0.9899,24.2320,0.3660,0
1642.8363,0.1118,25.7582,0.6062,0.8679,0.7497,0.7337,0.7993,1
248.7703,0.6040,27.9753,11.4663,0.5545,0.4946,8.8704,0.1856,0
1466.4425,0.1589,6.8588,3.1627,0.2590,0.2004,6.5777,0.5626,0
2098.7709,0.8072,28.7645,3.2352,0.2746,0.2769,7.4801,0.8571,1
1793.9361,0.5289,4.8163,9.1997,0.9683,0.9570,6.2830,0.9441,1
1848.1813,0.4012,19.0932,10.3572,0.8322,0.8069,10.3203,0.4218,0
313.3581,0.5782,20.5932,0.6113,0.3678,0.7945,18.7548,0.6275,0
439.4937,0.8616,8.1920,10.8017,0.5152,0.3381,4.2727,0.1451,0
926.6942,0.6507,7.9302,1.4939,0.2278,0.5072,13.8352,0.0893,0
766.3872,0.5694,34.0821,9.4140,0.9164,0.8666,16.5667,0.1423,1
750.7834,0.2177,31.0146,6.4172,0.8039,0.8015,19.8821,0.9799,1
97.7770,0.1013,25.0092,6.5572,0.7106,0.4261,22.9514,0.4427,0
509.0521,0.8658,9.0172,6.2407,0.7588,0.1519,15.6507,0.6678,0
1930.3372,0.6140,9.9277,7.4319,0.4410,0.8358,11.3851,0.8717,0
1166.5205,0.0245,30.5177,5.9119,0.6834,0.7870,7.3238,0.7068,0
1573.9195,0.9560,11.5868,1.2585,0.1281,0.6903,2.3013,0.7863,0
1476.4518,0.7451,27.1037,7.4122,0.5766,0.9157,19.2211,0.3139,1
961.9554,0.5490,14.8229,4.3316,0.9532,0.5423,16.0164,0.8899,1
2390.8764,0.5524,3.6905,9.7014,0.7923,0.3025,12.8710,0.3497,0
1473.7367,0.4347,28.2141,5.0437,0.4581,0.5933,22.3961,0.9429,1
1945.2979,0.1897,15.2843,9.9426,0.6508,0.7026,5.9862,0.8618,0
132.5014,0.2158,34.0736,1.3601,0.9881,0.7115,9.0409,0.8319,1
1151.6338,0.9970,6.6695,4.0739,0.1047,0.8568,9.5759,0.5374,0
537.0349,0.9106,23.4202,3.7568,0.4045,0.9725,12.9682,0.5305,0
1191.9686,0.9415,33.6241,2.0055,0.0222,0.3942,10.4804,0.4402,0
609.8070,0.5335,18.5042,4.6859,0.3333,0.1243,18.4679,0.8122,0
694.3470,0.5785,2.1765,0.0644,0.6719,0.2742,2.9158,0.8817,0
2147.4377,0.2400,7.0813,8.4949,0.4627,0.8157,10.4300,0.2296,0
1169.9991,1.0004,16.5897,1.4927,0.2866,0.7264,6.1778,0.5650,0
1953.7805,0.3656,26.6939,5.2754,0.5929,0.2262,8.4158,0.9076,1
1123.9298,0.7958,5.6129,5.1112,0.2369,0.6812,4.7401,0.7701,0
614.9905,0.3397,25.8325,3.8194,0.1998,0.0356,10.5392,0.9428,0
2076.1495,0.1119,18.9100,9.4132,0.0864,0.2119,23.5450,0.1961,0
856.7069,1.0002,17.1719,7.5733,0.7747,0.6376,4.8386,0.3086,0
1919.2967,0.6619,25.0920,7.9851,0.5596,0.8053,1.1875,0.9570,1
573.4732,0.3911,26.4253,9.8265,0.7671,0.5098,0.5025,0.1688,0
2010.6384,0.5596,30.5978,10.4897,0.1241,0.7771,1.5452,0.5102,0
752.3473,0.3101,17.4454,11.0943,0.3013,0.2401,2.8049,0.5461,0
573.4885,0.5707,13.3866,1.0485,0.6050,0.8688,7.4686,0.6128,0
1490.0619,0.3394,9.6173,1.6851,0.8094,0.8161,4.5379,0.7158,0
325.8109,0.0457,39.8230,9.8410,0.5247,0.6515,17.1549,0.5519,0
1473.6751,0.5991,38.5099,1.9900,0.3859,0.2493,21.4189,0.5588,0
2415.9758,0.1414,15.7908,0.1339,0.5408,0.4209,9.5805,0.0815,0
547.4546,0.8959,15.3197,9.0838,0.8288,0.3047,19.6940,0.1369,0
1264.5079,0.4111,7.9895,7.7013,0.4636,0.3072,18.7188,0.2842,0
471.3651,0.0339,35.9358,1.7042,0.8477,0.0406,10.8005,0.8263,0
2180.8894,0.8026,8.4567,10.7166,0.9417,0.8666,8.5664,0.6179,1
1022.8715,0.3873,23.1023,11.1946,0.4232,0.8542,22.2371,0.5906,0
1595.5910,0.4390,17.2099,6.6128,0.9619,0.8988,0.9438,0.5291,1
1372.6693,0.9050,24.8457,4.6462,0.3464,0.0557,10.1152,0.8440,0
1200.2719,0.4183,8.0344,2.6650,0.2262,0.7629,0.6668,0.7150,0
1468.3985,0.6462,2.5026,11.1958,0.2111,0.8617,20.3422,0.3627,0
1727.1661,0.9478,4.7777,6.8768,0.8552,0.4085,13.7242,0.4151,0
1811.8844,0.5591,19.9787,8.7034,0.8675,0.0522,16.3309,0.5663,0
841.7824,0.5074,6.2035,9.1621,0.2547,0.5466,23.4382,0.7586,0
715.1998,0.2571,26.8996,9.9356,0.9494,0.2963,21.7035,0.1356,0
1032.3158,0.5265,12.3971,4.8164,0.0152,0.3950,3.2947,0.9656,0
172.8558,0.8725,3.2914,6.2498,0.5536,0.4167,6.8189,0.2189,0
1430.7136,0.4330,5.9575,0.5677,0.4093,0.9092,13.3579,0.4819,0
1154.0581,0.2724,3.3456,11.4566,0.4626,0.4711,11.7976,0.0348,0
1618.2557,0.7769,23.2008,6.6506,0.4646,0.3763,15.0019,0.1449,0
912.9984,0.6580,8.8769,4.8787,0.5868,0.4534,1.5681,0.5532,0
543.7365,0.3440,16.6353,4.6603,0.3672,0.8749,15.3973,0.2985,0
1842.9503,0.1109,12.2999,11.1818,0.3111,0.0668,8.3304,0.0728,0
404.0758,0.3844,36.8165,11.2261,0.7478,0.4266,3.2167,0.7557,0
1160.1288,0.6056,9.8767,1.9108,0.2994,0.1044,7.3640,0.4554,0
1099.7364,0.3644,14.9998,5.8918,0.4302,0.9262,12.7848,0.0814,0
882.4784,0.2954,38.5010,6.4863,0.9395,0.2612,0.5186,0.2126,0
1322.8274,0.6946,5.1197,7.5376,0.8976,0.9163,20.3069,0.6268,1
894.6820,0.9428,22.9097,4.1104,0.3564,0.6714,23.8111,0.2012,0
665.5604,0.2569,20.9312,3.9269,0.3896,0.2360,15.0260,0.7432,0
1449.1805,0.6684,17.8813,2.1632,0.6113,0.7576,20.4520,0.5559,1
2264.4275,0.5428,13.4104,9.9300,0.0318,0.2224,9.2567,0.9314,0
2098.0973,0.4006,11.9974,5.0576,0.6490,0.1386,11.3184,0.6603,0
885.5065,0.4960,38.7385,1.5434,0.8679,0.0069,21.4875,0.4033,0
2083.3690,0.8390,12.9754,6.9184,0.8649,0.2562,21.7601,0.1904,0
1374.4411,0.7430,15.5706,5.1783,0.1566,0.1145,17.2715,0.0193,0
770.1605,0.0148,16.0913,2.8013,0.5785,0.2043,13.0693,0.3607,0
2072.0215,0.5400,20.3944,8.6697,0.1932,0.6803,0.8326,0.8655,0
2396.4018,0.0881,14.4586,11.6671,0.4527,0.0885,10.4205,0.0416,0
1212.6262,0.4215,7.5355,1.9337,0.6309,0.4564,12.5744,0.3688,0
1469.3183,0.3298,22.1947,5.6763,0.7490,0.7017,6.3806,0.4337,0
158.7114,0.6015,13.2185,7.4957,0.7745,0.3599,23.6736,0.2465,0
163.7891,0.3912,19.8310,1.8041,0.3214,0.6785,13.8963,0.6350,0
1903.3719,0.8110,26.2198,10.6166,0.4369,0.1617,10.0756,0.8347,0
447.7986,0.3060,24.5938,8.1222,0.6973,0.9867,0.7877,0.3299,0
1067.5800,0.7031,29.0448,3.8321,0.8041,0.2775,3.1779,0.6164,0
740.2056,0.5937,7.3585,4.4747,0.1258,0.1807,15.3541,0.9820,0
1443.3057,0.0877,36.9442,3.5229,0.2649,0.2358,22.2359,0.9265,0
2245.2858,0.6632,12.6758,0.7801,0.0501,0.4887,6.9314,0.4681,0
1972.9580,0.7255,14.5758,8.7693,0.0072,0.8512,10.5968,0.3261,0
2045.5611,1.0106,20.2375,10.9713,0.2982,0.7254,13.7444,0.1883,0
515.0896,0.5267,17.3399,2.8817,0.7964,0.7278,9.6853,0.0784,0
1268.7237,0.0905,5.4568,1.7726,0.4048,0.7285,11.9302,0.7369,0
991.2513,0.1561,13.3899,10.5693,0.4011,0.0806,6.6627,0.2840,0
1163.6006,0.0791,36.5483,10.1558,0.4223,0.3054,16.5817,0.6940,0
793.1206,0.2039,20.7205,7.2665,0.9155,0.3685,19.1658,0.3163,0
1979.7915,0.5921,25.7513,7.2778,0.0734,0.1188,12.6047,0.0488,0
1485.3490,0.4399,8.0853,0.2401,0.1090,0.5200,15.0800,0.6260,0
1899.9989,0.2421,10.8147,11.4543,0.9587,0.7409,3.9479,0.3596,0
2364.3551,0.7381,20.8053,3.7673,0.1054,0.0067,10.3852,0.6559,0
1012.6854,0.3410,38.5584,6.2029,0.3941,0.2395,4.4188,0.3032,0
93.6934,0.4818,22.0507,6.3203,0.0814,0.7796,7.6115,0.5239,0
846.5481,0.0764,3.1997,10.6704,0.6002,0.6635,10.1181,0.2252,0
1534.4107,0.2951,24.6485,1.5779,0.5822,0.1614,16.8787,0.8023,0
640.5912,0.8786,39.2801,9.9454,0.3857,0.1619,22.5872,0.5505,0
1035.3254,0.6406,29.8027,7.3166,0.8131,0.5836,22.7816,0.7813,1
689.1122,0.0737,17.0795,2.0909,0.5339,0.2152,3.9427,0.1977,0
2013.3167,0.7716,21.5059,5.8177,0.2496,0.1291,9.2712,0.8825,0
1430.2085,0.7914,23.3297,8.0395,0.5548,0.1614,14.4734,0.5736,0
898.7815,0.4827,17.2657,1.0137,0.6811,0.2127,19.0881,0.0783,0
643.8076,0.2709,2.4207,11.8547,0.2181,0.1603,8.5820,0.0972,0
1161.6071,0.4851,28.4685,3.5500,0.3572,0.6278,22.4529,0.9773,1
2089.3371,0.6841,2.3524,1.4970,0.2741,0.4033,8.4465,0.5451,0
1256.4926,0.2897,8.0894,10.7712,0.7618,0.6960,6.4322,0.7265,0
2251.5341,0.4316,21.1881,5.5127,0.0020,0.0597,11.9749,0.5448,0
885.0488,0.7905,33.4876,10.2893,0.3360,0.1177,21.7779,0.8640,0
1796.5540,0.5580,10.2645,10.4936,0.6633,0.9863,14.3286,0.1042,0
394.1168,0.3926,29.4990,7.3514,0.7321,0.9221,5.4904,0.3897,0
370.3749,0.4102,12.0763,2.3141,0.7628,0.1317,12.6753,0.6373,0
1466.1043,0.2729,36.1336,0.7799,0.1749,0.4675,14.3161,0.2377,0
1413.6984,0.0067,36.2143,3.8824,0.0150,0.0648,3.7311,0.3227,0
730.0337,0.8030,29.2744,4.0867,0.2549,0.2473,0.5869,0.1387,0
354.2689,0.9259,3.8576,0.6182,0.5377,0.0365,4.9430,0.9091,0
946.7846,0.5479,8.5301,6.9974,0.4216,0.8840,9.9029,0.3531,0
713.6759,0.5884,36.2270,5.7726,0.3660,0.5625,1.7382,0.3266,0
1789.8198,0.3549,2.4731,6.0088,0.6297,0.4690,1.9407,0.6614,0
1417.4367,0.5773,11.9997,2.0621,0.5160,0.1471,9.8696,0.9298,0
928.3629,0.1694,7.3557,6.1664,0.8122,0.7373,2.4735,0.4963,0
347.8838,0.8606,5.3020,3.0331,0.1944,0.0063,12.9923,0.3350,0
1426.7221,0.6064,17.0927,7.7706,0.3464,0.9768,3.8524,0.3995,0
307.9810,0.4004,19.8057,4.5655,0.7608,0.6045,11.7919,0.2848,0
629.7356,0.5731,33.5245,5.1715,0.6458,0.1150,22.3946,0.6406,0
1359.7479,0.0941,12.3108,5.1640,0.3933,0.5203,22.6920,0.0304,0
1711.4784,0.4104,17.4623,0.7639,0.2968,0.0136,7.4327,0.6421,0
1423.5448,0.1829,34.3430,0.9530,0.2043,0.6472,14.3062,0.2385,0
1182.4064,0.8710,30.4521,4.4677,0.6292,0.8810,6.6019,0.3736,1
23.0024,0.4477,4.2813,9.4777,0.4593,0.3206,10.0363,0.3462,0
1366.5689,0.4269,40.2684,5.6840,0.4072,0.1313,11.0442,0.0761,0
1810.1348,0.3661,7.7029,5.9629,0.9793,0.2108,22.3389,0.3903,0
1007.0525,0.8756,28.0899,6.0471,0.9480,0.8046,16.9595,0.6203,1
791.2230,0.2816,1.3350,10.3983,0.1374,0.1199,2.4550,0.7719,0
1100.6132,0.5963,21.7821,0.2990,0.6539,0.6836,6.1636,0.4391,0
2078.7622,0.6818,23.6151,7.5320,0.6528,0.6192,2.0977,0.2324,0
42.7964,0.7756,38.6702,7.0284,0.4976,0.0865,7.3287,0.3652,0
108.1129,0.9226,9.8146,10.5497,0.9419,0.1534,16.0799,0.0466,0
2329.3118,0.9469,12.2973,2.3773,0.2035,0.2660,20.0539,0.6140,1
235.6936,0.3252,16.6035,8.3102,0.3584,0.9836,22.6091,0.3998,0
186.8873,0.9707,11.4920,10.9302,0.4195,0.5236,0.5766,0.0758,0
1636.7150,0.0184,25.7449,1.4089,0.9156,0.1162,7.9281,0.5494,0
127.1224,0.3128,1.8272,8.9354,0.3844,0.9774,1.4225,0.6265,0
2071.8384,0.0902,21.2387,11.1758,0.8518,0.1796,15.2635,0.4936,0
836.2805,0.7297,38.3527,11.2773,0.5828,0.2084,23.4958,0.8745,0
1059.7373,0.9561,23.9545,6.8131,0.3869,0.8821,2.4921,0.1071,0
750.1762,0.5067,35.9321,8.8857,0.9420,0.2150,0.5396,0.8767,0
2380.3006,0.1884,2.0221,3.8680,0.6981,0.6516,3.5416,0.8252,1
2303.1533,0.3384,27.7144,6.5157,0.0201,0.6377,23.9574,0.6971,1
807.2327,0.3957,5.3161,3.9123,0.6967,0.4213,21.6610,0.8737,0
1317.5557,0.0570,4.3585,9.9018,0.7430,0.6289,10.1774,0.1523,0
35.7408,0.6438,38.6308,2.4041,0.1357,0.6030,22.9635,0.3437,0
165.2824,0.3015,2.1302,0.3637,0.9070,0.7532,11.7759,0.4860,0
2051.4921,0.8669,33.3949,4.3196,0.3537,0.3589,17.5361,0.5278,1
2055.3750,0.6968,5.5439,1.3055,0.4451,0.9554,1.2002,0.8898,1
805.5912,0.7845,37.5324,3.1617,0.8427,0.4590,13.7932,0.7467,1
208.9023,0.2718,25.9245,11.7121,0.7872,0.3514,19.8075,0.7292,0
815.5498,0.7174,33.7081,8.6920,0.8314,0.7678,3.8361,0.3122,0
512.2423,0.7656,22.2654,6.7794,0.3810,0.8709,14.8873,0.5947,0
1282.8027,0.1137,13.4389,1.3554,0.4397,0.0144,20.3401,0.9372,0
2377.6816,0.9019,7.2542,4.0915,0.0552,0.3560,7.5769,0.5608,0
2229.2479,0.9268,6.3534,2.2018,0.2681,0.4603,16.3686,0.8449,1
873.3922,0.0538,17.5832,11.5620,0.5861,0.5214,2.8450,0.7381,0
1309.8747,0.1129,40.0035,6.5826,0.1321,0.2103,9.5284,0.9594,0
2267.9600,0.4094,29.2401,6.0357,0.5063,0.7587,14.4667,0.2202,0
1607.2029,0.3109,12.8159,5.6966,0.3759,0.3704,18.7794,0.7332,0
1069.3940,0.1408,5.3804,6.9949,0.0272,0.3506,12.7309,0.5790,0
363.5605,0.6928,30.8481,7.0317,0.6143,0.1054,6.1472,0.0934,0
2267.8272,0.6430,17.8170,2.1182,0.2693,0.5979,0.9307,0.4379,0
2191.4745,0.3942,7.9961,4.2129,0.5593,0.2384,3.6912,0.8057,0
1588.5094,0.3270,38.9674,7.2218,0.2666,0.3938,17.0883,0.6027,0
2080.2918,0.2359,32.7927,4.7103,0.3807,0.4590,9.6088,0.2893,0
2258.7077,0.2774,35.0297,6.0898,0.2329,0.3076,3.7076,0.4380,0
1405.2276,0.5077,10.0042,6.8160,0.4174,0.8425,4.6706,0.3488,0
2182.2490,0.2086,26.4693,8.0554,0.4696,0.0499,4.3819,0.1730,0
841.2744,0.4561,12.7242,5.1573,0.5734,0.7709,18.3541,0.1263,0
242.0367,0.0147,20.5417,7.3309,0.9165,0.8382,3.8318,0.3796,0
1682.3601,0.2915,27.8353,11.7417,0.6366,0.8878,4.4598,0.9209,0
2177.6538,0.1235,26.1696,5.2330,0.3669,0.7164,6.3255,0.9981,1
23.6565,0.9871,3.3413,9.3031,0.3393,0.6845,21.4426,0.8889,0
370.2916,0.9035,28.1961,6.5160,0.9756,0.3636,1.5546,0.9546,0
2074.2893,0.8517,35.3915,11.8405,0.5360,0.9138,1.7339,0.5524,0
2223.5736,0.8141,18.3155,5.8232,0.7042,0.2412,14.7581,0.5999,0
1817.6939,0.7419,12.5016,1.6385,0.7767,0.0185,22.4059,0.6368,0
2189.2317,0.8789,33.4372,3.0855,0.1712,0.8858,17.2033,0.3474,1
198.4891,0.3175,14.9236,6.4943,0.5531,0.1715,5.1518,0.9204,0
1145.6418,0.0305,26.7982,0.2507,0.1709,0.8734,1.7535,0.9441,0
2193.0750,0.9339,22.6556,0.6888,0.8194,0.0880,22.9711,0.7348,1
1189.6007,0.8557,22.7942,7.0996,0.3797,0.2113,19.5213,0.4994,0
783.1855,0.1083,30.8038,3.0088,0.9771,0.4339,23.6361,0.6766,1
727.9651,0.9427,22.6921,11.2511,0.1739,0.7275,16.1584,0.6116,0
1894.4561,0.0310,33.7972,0.8781,0.7278,0.9659,11.1057,0.0931,1
584.7546,0.6832,28.9671,3.5280,0.7584,0.6072,10.6635,0.8406,0
2025.8003,0.2773,37.5671,11.8715,0.0266,0.6728,14.0953,0.8516,0
1939.5154,0.6572,26.1229,8.6734,0.8832,0.0830,0.7827,0.1806,0
1833.7159,0.9556,39.5844,1.0201,0.9632,0.3828,2.1956,0.9001,1
513.5198,0.9588,32.9675,10.3709,0.7579,0.5030,1.4377,0.1616,0
1583.9045,0.5011,18.0410,11.4226,0.6972,0.6491,3.6300,0.3550,0
2158.4660,0.1896,13.0587,0.4742,0.3902,0.9320,18.7014,0.7521,1
1416.6215,0.3891,12.2731,8.8867,0.8399,0.0237,4.5624,0.6485,0
1632.7466,0.1818,18.8470,2.1239,0.2378,0.3496,4.6761,0.5430,0
1104.7908,0.8995,29.6493,0.6163,0.3951,0.8093,13.5084,0.2390,0
1338.8185,0.5138,7.3130,5.9900,0.6286,0.1560,19.2116,0.8105,0
254.9346,0.2494,7.7461,1.1389,0.6498,0.4504,11.7134,0.0827,0
2006.1801,0.2848,25.4326,5.5163,0.4871,0.5581,7.3210,0.9165,1
212.6442,0.3874,8.4118,4.0560,0.3322,0.6066,10.4410,1.0061,0
1415.9046,0.5669,7.6217,9.3335,0.7427,0.6095,20.8396,0.2135,0
1148.8326,0.9813,18.9472,7.4128,0.4725,0.2181,8.5884,0.9682,0
100.9470,0.9550,36.8621,9.8752,0.7929,0.4353,18.7541,0.6274,0
583.4689,0.0206,7.9233,8.9756,0.4315,0.6610,1.8291,0.1056,0
1245.4457,0.6255,25.1927,4.3976,0.9629,0.4930,12.9437,0.7994,1
492.3125,0.2436,23.7620,9.1884,0.4934,0.7230,17.1580,0.2238,0
384.7854,0.9927,37.5888,1.8791,0.8267,0.0666,19.3080,0.2466,0
1375.3380,0.0068,14.2961,5.1266,0.9394,0.1061,6.8531,0.8761,0
1260.2023,0.8807,14.6487,6.5579,0.0154,0.1898,12.7766,0.5626,0
394.9740,0.2444,35.1412,10.4507,0.5340,0.8618,5.0667,0.3831,0
1893.6993,0.6316,39.3224,12.0104,0.4504,0.9736,17.6061,0.5823,1
1021.7678,0.2054,34.8307,0.9167,0.0287,0.6777,16.6415,0.9970,1
1866.1171,0.3223,3.1049,6.0701,0.6107,0.8018,5.2763,0.4686,0
1372.8233,0.6394,13.6559,10.5401,0.4539,0.9396,5.6247,0.4048,0
1367.0259,0.9602,39.9934,5.7836,0.1971,0.1039,5.7447,0.3715,0
2325.1556,0.5429,19.9419,0.2957,0.9005,0.1745,16.2901,0.8189,1
2381.9942,0.6231,15.6655,6.9992,0.8817,0.3606,6.5359,0.0059,0
2236.4932,0.2136,5.3009,7.5291,0.5347,0.0044,16.7058,0.3230,0
1819.9116,0.5940,13.2508,11.1148,0.8252,0.4671,22.2677,0.8384,1
2115.3564,0.1833,13.2833,8.7344,0.6523,0.0461,12.3322,0.0122,0
1070.6517,0.0770,31.5199,0.8317,0.0721,0.1620,23.7295,0.7490,0
870.0912,0.8883,24.3139,10.8029,0.3318,0.2238,6.8693,0.6374,0
839.8867,0.0127,28.5857,6.7038,0.6978,0.2849,13.9001,0.1219,0
909.1926,0.4202,20.4547,11.9135,0.2000,0.7722,1.7829,0.6612,0
296.4491,0.8892,32.4112,6.1755,0.8749,0.8736,19.2703,0.8962,1
1633.6775,1.0046,7.8143,7.6855,0.7318,0.5590,22.5022,0.7552,1
1768.1386,0.5073,27.5364,6.1425,0.7188,0.5778,5.2928,0.4131,0
953.5568,0.0527,24.9048,4.7575,0.2104,0.5147,9.2696,0.8576,0
400.1951,0.5495,37.2408,9.8256,0.3758,0.0927,12.4360,0.4679,0
514.2034,0.3233,23.8741,3.3711,0.9363,0.9463,5.6958,0.2393,0
1888.3866,0.7988,11.0016,0.6230,0.2958,0.1291,18.0867,0.9827,0
1008.9840,0.5293,6.9269,9.1894,0.2996,0.0753,1.4995,0.0856,0
100.9492,0.4759,14.5918,2.5720,0.8108,0.8483,13.1144,0.4592,0
43.4866,0.7636,13.2547,8.0779,0.3077,0.3726,1.7279,0.0744,0
1232.6593,0.0820,13.1297,3.0582,0.9222,0.0038,4.2028,0.8423,0
1176.3683,0.0572,19.0691,2.4777,0.0034,0.3202,16.3824,0.2602,0
1746.4462,0.7552,13.3466,7.4756,0.5270,0.3161,19.8423,0.5101,0
247.4519,0.5232,22.5811,9.2429,0.3876,0.9444,5.6367,0.0733,0
682.6135,0.8923,20.6880,1.0092,0.8644,0.6553,10.7488,0.8447,1
1879.0142,0.2680,32.8175,6.7870,0.8764,0.4617,18.7249,0.0605,0
1883.2475,0.5808,19.4842,4.9421,0.0620,0.1672,1.3571,0.9439,0
1664.3630,0.1342,39.1608,10.4980,0.2192,0.2243,22.5229,0.7233,0
1880.7738,0.7491,25.6378,8.4897,0.5073,0.2043,21.9884,0.6280,1
85.2693,0.0944,17.4986,11.0309,0.6278,0.5531,12.5932,0.4439,0
689.4756,0.9327,25.5260,1.7299,0.0939,0.8088,18.4659,0.0141,0
2070.6497,0.2476,38.1729,3.3014,0.1137,0.5659,12.4240,0.7154,1
531.8440,0.7569,32.6662,2.5232,0.4295,0.8385,4.3661,0.0262,0
1624.4659,0.2837,31.8638,6.0495,0.0304,0.9504,17.9755,0.9778,1
1523.9457,0.6857,9.1342,9.4639,0.7468,0.1737,22.0022,0.9444,0
986.1477,0.5262,32.5832,1.3629,0.5239,0.5411,21.7887,0.3776,0
108.0459,0.6434,14.5188,5.7333,0.3720,0.2922,9.3615,0.8763,0
248.1468,0.0489,39.5769,6.3391,0.8158,0.8314,2.6150,0.2344,0
1453.7974,0.3266,2.0487,4.7654,0.4418,0.9867,5.4192,0.5288,0
1182.8453,0.3838,9.5401,0.8038,0.6561,0.6863,22.4524,0.7439,1
305.1597,0.6510,3.6579,0.8490,0.3859,0.6084,16.3758,0.4771,0
34.9149,0.4805,30.6861,8.4947,0.0116,0.5580,3.7227,0.7689,0
341.0512,0.8955,37.8432,0.6349,0.1157,0.6343,20.0190,0.9456,1
2367.9284,0.7871,38.9986,5.4447,0.3146,0.7199,20.5755,0.7978,1
626.4975,0.0393,22.6747,3.4467,0.5956,0.9000,12.6316,0.0819,0
94.1979,0.3278,21.8129,0.0268,0.9955,0.8748,12.2207,0.6408,0
1409.5595,0.6262,33.3969,9.5212,0.8964,0.7219,19.4736,0.1056,1
45.6218,0.9197,34.6204,5.6291,0.1376,0.2648,13.4667,0.0105,0
1612.8756,0.8362,7.2781,3.1421,0.3996,0.3516,20.1934,0.7537,0
1715.6080,0.9040,15.1507,3.7082,0.4304,0.1914,0.9755,0.1895,0
1003.4209,0.2195,28.9762,1.0235,0.8590,0.6641,3.0496,0.9627,1
847.9980,0.6657,18.2018,7.6201,0.9883,0.0114,15.8050,0.0344,0
1183.6049,0.3503,31.6279,8.0528,0.4923,0.2827,10.0995,0.0782,0
71.4334,0.2370,1.5840,6.9987,0.3596,0.0594,4.4166,0.7426,0
674.2772,0.9258,19.8100,7.7651,0.3796,0.6196,11.9277,0.6797,0
501.7292,0.6490,22.3035,7.1265,0.8830,0.5945,23.5079,0.3454,0
476.8054,0.4373,7.5028,9.4474,0.3160,0.3339,6.1950,0.5426,0
125.0580,0.4828,14.5077,3.5485,0.8144,0.9728,2.8582,0.4032,0
190.6372,0.3354,21.5927,3.8678,0.1898,0.8840,1.0737,0.7232,0
1620.8682,0.8778,14.2083,0.6540,0.7730,0.2041,21.5946,0.1136,0
1094.5112,0.2333,24.9842,10.7297,0.9362,0.6960,4.4775,0.9986,0
2001.1815,0.8642,1.2924,2.9664,0.9718,0.4820,9.2200,0.0327,0
237.4402,0.4117,10.7647,1.6350,0.2675,0.4153,19.1459,0.6305,0
295.1780,0.6411,4.5668,5.1559,0.1443,0.5741,2.1925,0.8746,0
891.7176,0.9606,31.9538,1.3227,0.3616,0.1874,10.6119,0.9006,0
551.8762,0.2640,20.6111,4.0217,0.3304,0.8022,2.5596,0.1177,0
1117.1103,0.6291,6.9180,5.8957,0.1085,0.5648,3.5111,0.9599,0
1779.9909,0.0982,12.3007,0.3876,0.1353,0.7719,21.4959,0.9770,1
1777.7105,0.7317,17.1374,5.3859,0.1480,0.7386,12.1251,0.7703,0
1647.5188,0.7527,26.2265,6.3254,0.0428,0.3958,13.7930,0.5980,0
450.0200,0.2531,38.9312,2.1539,0.6917,0.1201,8.7073,0.1893,0
2128.2294,0.5870,4.5983,6.0521,0.2383,0.6512,13.8061,0.3790,0
2404.7375,0.2999,30.3925,6.9595,0.3047,0.1194,23.8610,1.0049,1
396.2612,0.7209,30.0751,1.5879,0.4529,0.9466,12.7465,0.4126,0
1835.6218,0.9943,26.0987,10.3777,0.0272,0.7367,11.7009,0.6043,0
2206.8168,0.0775,32.5603,2.2360,0.3302,0.9135,20.8140,0.9081,1
538.5207,0.2714,23.6409,6.9951,0.9424,0.4333,19.7108,0.9497,0
2319.6246,0.9574,35.7269,3.9949,0.1229,0.1186,7.8298,0.0581,0
1095.7122,0.9417,26.5460,9.3219,0.8150,0.7434,19.0493,0.9817,1
1266.9655,0.3113,15.1617,7.9280,0.7523,0.4662,15.8439,0.2736,0
1451.9761,0.6238,32.8186,3.4771,0.1445,0.4971,20.1130,0.6680,0
403.6163,0.3755,3.9271,8.4387,0.9742,0.8100,19.5674,0.0975,0
620.2206,0.4879,14.7810,9.8688,0.2351,0.1143,14.9707,0.1438,0
1698.0233,0.3571,14.9026,0.4322,0.9827,0.7868,9.2321,0.7103,1
354.3066,0.1931,33.3239,2.9804,0.1588,0.7853,4.3068,0.8942,0
615.6672,0.9551,4.0680,11.3371,0.6517,0.0176,2.3267,0.4183,0
1213.8104,0.3710,11.6597,3.6918,0.7132,0.2517,14.1657,0.5223,0
1326.7018,0.3238,19.5912,10.6171,0.4084,0.3120,12.6687,0.7696,0
2302.8733,0.3387,7.1211,3.6622,0.7673,0.6824,13.0177,0.8047,1
808.3679,0.3028,35.9327,8.1100,0.3837,0.8294,1.0144,0.9139,1
210.5353,0.1773,40.0742,9.1783,0.9461,0.4848,24.0566,0.1900,0
246.4141,0.4691,26.5900,2.1802,0.1873,0.7073,5.3463,0.9935,0
368.8479,0.1578,4.5229,6.2154,0.1149,0.3058,7.6642,0.1377,0
1882.9015,0.4708,33.8507,7.1330,0.5015,0.6667,17.9379,0.5918,1
1193.0325,0.0754,14.7953,12.0080,0.6105,0.0082,0.7372,0.4127,0
228.1228,0.4685,15.0113,5.0372,0.8376,0.5101,1.6877,0.7296,0
1915.9332,0.8847,37.0593,8.5253,0.5133,0.1490,11.5987,0.6238,1
443.1212,0.7375,16.3237,9.9976,0.9258,0.3400,5.2234,0.8320,0
1359.7771,0.4852,27.7263,1.1532,0.4589,0.3931,20.4645,0.0344,0
1369.6879,0.7813,3.6356,8.5057,0.0140,0.0210,9.6906,0.0297,0
229.2838,0.5897,21.2415,10.5060,0.1149,0.5211,21.8663,0.1307,0
1806.6697,0.1254,21.0704,8.1323,0.7346,0.6975,15.2174,0.6679,1
1590.7848,0.3634,13.5090,1.5309,0.4732,0.6802,1.3634,0.2369,0
1425.5606,0.4790,31.1773,0.3962,0.5641,0.9570,5.5961,0.2587,1
2009.7633,0.7669,6.2831,1.7029,0.1761,0.7910,2.4104,0.3815,0
554.9262,0.8631,23.8252,5.1513,0.2554,0.8621,2.2067,0.7615,0
594.9866,0.2717,4.6484,6.6705,0.3039,0.0665,8.1727,0.8699,0
1856.5672,0.6918,17.4038,3.1295,0.8123,0.1101,2.8986,0.4684,0
630.2696,0.1739,5.0150,3.2028,0.0874,0.5859,2.1583,0.8637,0
118.1212,0.7446,35.4023,7.5022,0.8928,0.0807,18.6824,0.3163,0
783.5563,0.1285,7.4956,3.5305,0.2041,0.4861,7.9744,0.9927,0
1247.9628,0.8102,24.1875,8.2493,0.8168,0.8132,18.4323,0.5267,1
403.9838,0.2535,3.3694,5.8096,0.2234,0.4102,3.6819,0.3438,0
2193.7028,0.0411,8.0533,1.6985,0.5931,0.1877,21.7092,0.6190,0
1323.3737,0.6981,32.7962,10.5995,0.8310,0.5834,1.9676,0.5425,0
2348.7767,0.2068,28.2272,11.1606,0.8520,0.4563,8.9414,0.8539,1
1355.4078,0.4072,21.2592,9.3083,0.1747,0.0323,11.1303,0.5176,0
471.0275,0.2602,36.3432,7.9496,0.5185,0.8444,1.4895,0.0517,0
1328.6866,0.8030,29.1209,7.6083,0.7844,0.2793,14.6881,0.4016,0
1383.4834,0.0414,1.5677,4.2058,0.2843,0.3364,0.2968,0.8388,0
371.5407,0.3187,3.2816,9.6895,0.4022,0.3276,23.1565,0.9735,0
1190.2615,0.2432,36.0405,1.1411,0.0167,0.2545,17.6251,0.9617,0
1562.1533,0.9376,30.3857,6.0359,0.5995,0.1107,2.5956,0.9491,0
1023.8501,0.7815,30.2195,8.2865,0.3035,0.9255,20.0571,0.2111,0
2309.3388,0.9916,34.3765,2.9578,0.4453,0.9079,4.2660,0.7143,1
1743.7995,0.1031,13.8439,4.9071,0.0825,0.4889,12.4309,0.9683,0
1129.1362,0.5050,29.1016,6.7191,0.9012,0.6988,21.7403,0.8305,1
1103.4683,0.5812,40.0735,2.9888,0.5063,0.7883,12.5461,0.8980,1
1128.0499,0.8807,28.9951,2.0145,0.4700,0.1420,14.5092,0.8773,0
1514.6035,0.7179,26.8486,2.1019,0.2824,0.2496,19.9598,0.1730,0
1982.2684,0.5394,16.2056,0.7495,0.3768,0.1269,3.1731,0.3440,0
226.1521,0.2597,37.8146,8.8196,0.8248,0.9692,0.6106,0.3522,0
334.0505,0.1748,10.6415,3.6530,0.3375,0.6836,3.0600,0.0127,0
736.6215,0.8872,19.3941,0.1280,0.9785,0.6072,10.6894,0.6549,1
1548.3759,0.2708,8.1163,7.7500,0.2586,0.4335,10.3757,0.4507,0
622.9064,0.3330,34.1456,8.7738,0.5260,0.9059,15.8063,0.4738,0
1136.0000,0.6507,12.4512,9.9273,0.2594,0.5899,2.9326,0.5158,0
2112.9043,0.9708,8.8369,0.1855,0.2570,0.5290,14.9452,0.1797,0
1189.7260,0.0819,1.5176,4.9871,0.5950,0.4527,6.8858,0.5058,0
1163.3234,0.3450,38.6819,6.1589,0.5206,0.5339,17.2943,0.2832,0
1000.4685,0.1115,8.7674,1.5984,0.5049,0.4419,20.1648,0.0387,0
477.1932,0.2143,17.2490,5.4985,0.3615,0.4927,21.2310,0.5531,0
221.8803,0.8423,7.7703,10.2242,0.3145,0.6636,19.0391,0.6076,0
339.0925,0.5150,27.1959,5.3529,0.8960,0.3943,4.7414,0.6982,0
555.0335,0.8306,39.8960,4.4649,0.4116,0.5774,12.3333,0.1545,0
259.6486,0.8147,15.3753,11.0206,0.1705,0.7542,0.2846,0.1556,0
640.1093,0.4024,27.9412,2.4020,0.9308,0.2712,10.8757,0.4390,0
2258.8736,0.4570,33.0673,1.5421,0.5810,0.7663,14.6143,0.1180,1
905.9739,0.0108,34.1846,4.1864,0.5865,0.9628,15.5200,0.4215,1
2120.1121,0.2953,15.6544,9.0562,0.5628,0.6953,10.4027,0.0296,0
101.4032,0.5102,31.3017,11.9546,0.8101,0.8221,14.9383,0.5932,0
1679.6362,0.1894,3.6291,11.6614,0.5989,0.1631,9.6626,0.2332,0
681.3653,0.2750,38.4577,10.7020,0.7124,0.3200,11.6540,0.9422,0
1920.7231,0.2809,19.6910,10.5271,0.5516,0.3116,23.5863,0.0286,0
222.3855,0.6989,12.9204,3.2585,0.8318,0.6577,23.3656,0.9116,1
120.1289,0.8929,36.5084,8.5910,0.8429,0.5847,7.3778,0.6422,0
880.1849,0.6886,29.0674,11.7934,0.0071,0.5149,1.6228,0.8817,0
2242.6488,0.5464,14.4551,9.4067,0.2541,0.8232,4.0424,0.5973,0
1759.3899,0.2817,4.9929,4.6863,0.4011,0.1155,18.2160,0.2102,0
908.1809,0.2932,6.5674,9.6582,0.6812,0.6339,13.2290,0.4398,0
595.3223,0.7908,20.4448,6.8570,0.2618,0.9194,11.1456,0.9983,1
2199.1036,0.0415,36.9617,1.7352,0.4137,0.5783,9.9116,0.2206,0
563.5488,0.5528,24.3992,10.9823,0.6765,0.9555,21.0700,0.2770,0
454.5768,0.5049,18.6714,5.3515,0.4204,0.5478,14.4639,0.3639,0
2382.2653,0.3849,15.6454,6.0486,0.8884,0.8748,21.7540,0.2735,1
2282.0363,0.3208,9.1496,3.6749,0.3192,0.4299,18.7164,0.5281,0
955.3595,0.3933,30.4185,8.7102,0.3130,0.2205,0.9371,0.5053,0
1297.2869,0.6411,14.2608,3.8680,0.0953,0.7351,4.7578,0.7594,0
1079.6742,0.2280,10.2039,3.1079,0.9323,0.0247,1.9180,0.3157,0
1183.5995,0.4575,39.7539,1.8112,0.5182,0.9825,12.3579,0.8827,1
1491.1052,0.4299,30.4107,5.4747,0.2283,0.3969,9.7816,0.1603,0
654.5325,0.6443,3.5816,6.7683,0.9481,0.0920,10.1749,1.0021,0
370.5971,0.6094,38.2462,10.8372,0.2488,0.8325,23.3805,0.2043,0
1763.0403,0.1046,24.1589,10.2620,0.8944,0.1804,22.9406,0.2330,0
234.4950,0.4528,7.9485,1.2526,0.9794,0.6197,3.0631,0.4877,0
1482.7899,0.5334,22.7121,5.1524,0.2404,0.0777,12.5011,0.3033,0
2286.6347,0.6291,37.8447,7.6666,0.6792,0.6067,15.1205,0.1844,1
1780.7985,0.1776,23.7048,1.9468,0.9583,0.9275,1.9053,0.9548,1
2267.2299,0.0482,15.6338,3.9884,0.2782,0.7883,16.1809,0.5693,0
826.0181,0.7764,7.9097,8.5163,0.1782,0.3849,8.0970,0.2575,0
1022.0331,0.3423,8.0343,9.5800,0.2843,0.6246,6.7004,0.5706,0
552.8956,0.5223,33.5178,2.2641,0.4274,0.0870,11.2345,0.0054,0
2274.9154,0.9340,14.0131,9.8597,0.8780,0.0317,2.8308,0.5256,0
64.7757,0.5799,37.5004,9.8272,0.4317,0.1678,9.3697,0.3841,0
1279.9402,0.4369,6.0457,2.6963,0.9436,0.0390,4.8260,0.5205,0
574.2325,0.3530,6.0705,2.8416,0.9851,0.9142,14.0009,0.3550,0
1632.0525,0.8496,24.7807,11.3639,0.1591,0.1643,22.3919,0.8376,0
279.0041,0.9921,4.1837,5.1070,0.0248,0.9631,2.4625,0.7436,0
656.0277,0.0163,29.8376,7.4059,0.0774,0.4190,3.9891,0.3220,0
152.8295,0.0896,5.2614,0.8824,0.4436,0.3562,0.9742,0.4567,0
936.8589,0.8760,26.7103,3.2612,0.9986,0.4541,6.1465,0.2891,0
364.6308,0.1186,26.5529,4.8452,0.4539,0.3318,7.7105,0.5668,0
227.8207,0.6757,25.4654,10.3168,0.6445,0.4141,6.5481,0.8728,0
2319.3877,0.5003,38.3783,3.9367,0.1112,0.0754,9.4826,0.5045,0
1755.2929,0.6157,9.1714,1.1899,0.7117,0.3284,17.7039,0.5910,0
428.3710,0.5357,33.4741,11.6677,0.0505,0.8209,3.0247,0.4701,0
416.3387,0.7425,3.4307,9.5668,0.3962,0.4081,15.1526,0.1447,0
1374.8359,0.7173,16.4171,8.5606,0.6063,0.2937,8.2722,0.8506,0
2181.4295,0.6232,15.8640,2.1686,0.7279,0.3350,2.3148,0.6002,0
742.3844,0.0219,4.0625,0.9583,0.2314,0.6408,4.9595,0.1689,0
1790.3349,0.1039,32.8189,5.6489,0.3446,0.2631,18.2020,0.0278,0
2424.6000,0.0417,4.2806,2.8844,0.8654,0.6845,21.2183,0.5023,1
259.7279,0.1868,26.5676,6.3416,0.1810,0.7874,11.2913,0.1676,0
1528.0502,0.6644,31.1285,9.1039,0.4092,0.2454,12.5086,0.1460,0
1178.7963,0.7089,22.6788,6.5036,0.6226,0.4936,12.7086,0.9206,0
1493.6148,0.1502,29.8631,1.2698,0.9255,0.6811,2.1088,0.1568,0
550.9653,0.9650,25.4430,10.1534,0.9065,0.0156,18.4585,0.2129,0
811.9514,0.6187,17.7484,6.6704,0.2069,0.1629,9.6188,0.5505,0
2066.9536,0.8097,38.3282,0.7849,0.7908,0.3232,2.6430,0.1864,1
1200.9488,0.1567,33.3499,3.1213,0.3604,0.0484,6.5759,0.0525,0
1926.8573,0.9980,29.5598,5.6431,0.4815,0.9019,3.2997,0.5801,1
2150.3551,0.4868,8.1905,6.0534,0.3483,0.7913,20.1714,0.1467,0
919.9729,0.3271,8.4748,6.8936,0.5631,0.0496,12.2022,0.5657,0
1120.3830,0.7600,5.0864,0.6788,0.7538,0.8266,10.2362,0.6327,1
1513.6023,0.0044,23.9048,7.2123,0.4607,0.2044,16.7731,0.6107,0
1382.5067,0.4689,9.3511,10.4526,0.0976,0.4801,22.0494,0.5998,0
2324.5537,0.0537,33.6253,2.4064,0.7892,0.1017,18.0807,0.4418,0
1889.3800,0.8423,2.0423,5.2682,0.8436,0.4787,9.9052,0.5822,0
1128.9659,0.1405,9.9558,6.1452,0.3556,0.2047,2.0148,0.6345,0
1149.1871,0.2132,33.3723,0.9027,0.8921,0.6301,18.9039,0.6434,1
1266.4366,0.3373,6.2446,2.4072,0.1765,0.4275,12.7296,0.5868,0
427.9238,0.9382,6.1626,5.3480,0.8828,0.3018,15.0908,0.9627,0
1668.2208,0.7579,19.5801,11.0673,0.0349,0.0829,22.0676,0.7163,0
1580.3108,0.5627,9.3451,11.7316,0.8793,0.2013,3.4652,0.5133,0
1586.5001,0.7176,8.7939,7.1019,0.9537,0.5701,19.5811,0.5352,1
1822.8261,0.3198,37.8016,4.5388,0.9726,0.7159,23.1804,0.5171,1
1394.7086,0.1294,28.1932,2.2372,0.1827,0.6920,2.1417,0.6037,0
211.3021,0.2463,6.9017,3.6597,0.8399,0.1244,5.9277,0.2283,0
375.9637,0.0291,9.7467,9.1327,0.5852,0.3846,20.8378,0.7670,0
2110.0927,0.9588,29.9737,8.1692,0.1959,0.5666,5.2513,0.7014,1
1428.6905,0.9627,7.2083,4.6215,0.6573,0.9414,23.3691,0.0765,0
1137.4471,0.6333,26.1703,7.4888,0.9774,0.8790,6.0908,0.7663,1
1818.9424,0.5624,20.1030,4.5215,0.2944,0.1399,15.9618,0.3928,0
194.5100,0.7271,28.4675,9.0780,0.4269,0.2199,12.9861,0.2925,0
981.3828,0.7750,15.4307,1.0462,0.3117,0.3947,17.9611,0.6580,0
1323.6528,0.9423,21.1533,4.1439,0.8591,0.3122,21.7933,0.4822,0
2166.1646,0.0415,28.0344,8.7619,0.1515,0.3601,12.2317,0.8606,0
1932.1684,0.7333,31.9666,2.3630,0.8314,0.6953,23.4340,0.6939,1
1653.1771,0.9105,13.6420,3.2443,0.3379,0.7507,8.2062,0.3369,0
2213.1268,0.9401,27.8094,11.9729,0.1477,0.1268,8.2797,0.0941,0
1488.6763,0.4577,30.9131,1.8825,0.8278,0.6446,5.1006,0.6623,0
999.0565,0.7135,2.9179,1.0998,0.5505,0.1602,18.8351,0.8165,0
851.0856,0.7000,8.1010,0.3107,0.9883,0.7850,21.5296,0.0900,0
393.9826,0.0880,32.7059,3.5768,0.7511,0.6437,19.2267,0.6667,0
159.1940,0.1665,4.7092,1.2613,0.2425,0.0247,9.0998,0.8874,0
2105.0948,0.8436,32.3676,3.6816,0.8031,0.8919,18.6876,0.6165,1
361.5770,0.1522,26.1858,9.8150,0.0724,0.9519,23.0300,0.5368,0
801.0286,0.4183,34.3881,2.8848,0.8865,0.2599,22.8046,0.4441,1
112.7801,0.5943,29.5200,7.0617,0.0550,0.7486,14.6409,0.7008,0
498.2848,0.4829,35.6970,3.0163,0.2803,0.9434,7.9763,0.5210,0
2258.3938,0.7581,29.8703,9.5296,0.1620,0.1811,14.4511,0.3615,0
1189.0508,0.7915,6.3296,3.5028,0.8719,0.3966,2.3223,0.2055,0
822.8937,0.3909,11.9808,10.6842,0.3136,0.1080,17.9335,0.6867,0
60.2268,0.2806,24.8587,5.5428,0.5239,0.7872,15.4865,0.8158,0
1965.2334,0.9264,35.3627,9.3904,0.7285,0.3403,13.8021,0.4420,1
1440.0638,0.2212,19.9441,3.6261,0.5931,0.5557,1.9932,0.8592,0
435.7671,0.6921,17.8975,10.2449,0.8348,0.6044,4.3267,0.3596,0
912.1440,0.0116,8.8884,1.9623,0.8302,0.5835,9.2269,0.4311,0
2172.7207,0.1415,26.9571,12.0521,0.5130,0.7857,9.0963,0.7213,0
1140.2994,0.4439,12.4548,10.7632,0.6994,0.1731,5.6119,0.5676,0